name,strategic_philosophy.core_ideology,strategic_philosophy.market_positioning,strategic_philosophy.innovation_engine,strategic_philosophy.competitive_stance,strategic_philosophy.risk_profile,leadership.hiring_philosophy,leadership.cultural_architecture,leadership.motivation_incentives,leadership.communication_style,leadership.talent_management,operational_cadence.meeting_culture,operational_cadence.decision_making_process,operational_cadence.key_metrics,operational_cadence.focus_prioritization,operational_cadence.accountability_framework,personal_ethos.core_principles,personal_ethos.work_ethic,personal_ethos.learning_adaptability,personal_ethos.resilience_mechanism
"Steve Jobs","Build insanely great, integrated products that delight users.","Premium, design-led, end-to-end consumer ecosystem","Secretive, cross-functional teams with rapid prototyping","Confrontational; differentiate through taste and integration","Bold, bet-the-company on a few products","A-players only; passion and intelligence over credentials","High standards; end-to-end ownership; secrecy","Mission-driven excellence; shipping craftsmanship","Keynotes; product reviews; blunt 1:1s","Extreme autonomy for stars; swift exits for underperformance","Small groups; debate; DRI for every outcome","Top-down product taste with data as input","Customer delight, product quality, gross margins","Ruthless focus; kill most projects","DRIs; live demos","Simplicity, taste, end-to-end experience","Hands-on, intense product focus","Observe users; iterate on prototypes","Reframe setbacks into product opportunities"
"Jeff Bezos","Obsess over customers and long-term value creation.","Low-cost, high-convenience platform and cloud infrastructure","Working Backwards (PRFAQ), two-pizza teams, narrative memos","Relentless; compete on speed, selection, price","Calculated big bets with option value","Hire and develop the best; raise the bar","Day 1 culture; frugality; high standards","Ownership mindset; metrics-driven recognition","Narratives over slides; clear, concise writing","Rotate top talent; single-threaded leaders","Short, doc-based meetings; study-hall reading","Disagree and commit; decision velocity","Free cash flow, selection, delivery speed, CSAT","Build flywheels; cut low-ROI distractions","COE; single-thread ownership","Customer obsession, frugality, bias for action","Intense but disciplined; sustainable cadence","Read, write, measure; iterate from data","Learn from metrics; fix processes, not people"
"Satya Nadella","Empower every person and organization to achieve more.","Platform and ecosystem leadership (cloud + AI)","Customer co-creation; focused acquisitions (e.g., GitHub, LinkedIn)","Partner-friendly, pragmatic collaboration","Calculated bets; derisk via optionality","Growth mindset; empathy and curiosity","Learn-it-all culture; psychological safety","Mission and impact; inclusive recognition","Empathetic memos; listening tours","Coaching and development paths","Structured business reviews; data-informed","Consensus with a decision owner","Customer usage, NPS, ARR/cloud growth","Prioritize platform leverage; prune distractions","OKRs; clear ownership","Empathy, integrity, growth","Sustainable pace; deep work blocks","Voracious reading; learn from customers","Reflective learning; blameless retros"
"Tim Cook","Build operational excellence that scales beloved products sustainably.","Premium devices and services; privacy-led differentiation","Supply chain mastery; incremental improvement; occasional platform shifts","Methodical; compete on reliability, privacy, and integration","Calculated, low downside; protect franchise","Hire for craft and collaboration; humility","Accountability, collaboration, and inclusion","Purpose, quality, and customer trust","Clear, measured communication; internal reviews","Stewardship of top talent; align incentives to long-term","Structured reviews; crisp agendas; cross-functional syncs","Data-informed consensus with a decision owner","Customer satisfaction, reliability, margins, inventory turns","Focus on core platforms; say no to distraction","Ownership through metrics and reviews","Integrity, privacy, stewardship","Disciplined cadence; relentless follow-through","Listen to customers and ops data; learn quietly","Stabilize first, then improve continuously"
"Sundar Pichai","Build helpful products for everyone with an AI‑first approach.","Scale global platforms (Search, Android, Chrome) with AI differentiation","AI‑first R&D, moonshots, and focused acquisitions; rigorous experimentation","Pragmatic; compete on quality, scale, and open ecosystem partnerships","Calculated bets; iterate, sunset, and reallocate quickly","Hire smart creatives with humility and range","Open, data‑driven, user‑respecting culture; OKRs","Mission and impact; autonomy with measurable outcomes","Clear memos; structured product/design reviews; Q&A forums","Empower product area leads; rotate and grow talent","Weekly product and reliability reviews; crisp agendas","Data‑informed consensus with a clear decision owner","Usage, latency, relevance, safety and quality signals","AI‑first priorities; simplify portfolio to user benefit","OKRs; area lead ownership and reviews","Helpfulness, accessibility, responsibility","Calm, deliberate cadence; consistent follow‑through","Hands‑on product testing; technical briefings; reading","Sunset decisively; redirect resources to higher ROI"
"Elon Musk","Accelerate humanity's transition to sustainable energy and multi-planetary civilization.","Vertically integrated disruptor in auto, energy, and space","First principles thinking; rapid iteration; vertical integration","Disruptive; compete on engineering innovation and cost structure","Existential, bet-the-company on transformative vision","Hire exceptional engineers; no MBAs; first principles thinkers","Hardcore engineering; flat hierarchy; extreme ownership","Mission impact; equity upside; direct contribution to vision","Direct, unfiltered tweets; all-hands; engineering demos","Extreme autonomy for top performers; swift exits for mediocrity","Engineering-focused; data-driven; minimal bureaucracy","CEO as chief engineer; decisive, first principles-based","Production rate, cost per unit, engineering velocity, cash flow","Relentless focus on rate and cost; eliminate distractions","Direct accountability to CEO; public deadlines","Engineering truth; physics-first; sustainability","Extreme work intensity; sleep at factory during crunch","Rapid iteration; learn from failures; physics fundamentals","Face failure directly; pivot fast; double down on first principles"
"Jensen Huang","Advance computing to solve problems that seem impossible today.","Accelerated computing platform leader; full-stack AI","Long-term architecture bets; platform approach; strategic acquisitions","Relentless; compete on architecture vision and execution","Bold, multi-year platform bets with clear technical roadmap","Hire brilliant architects and engineers; technical depth","Intellectual honesty; technical excellence; no politics","Challenging work; equity; technical impact","Direct, technical, architecture-focused; demos","Empower technical leaders; rotate on critical projects","Architecture reviews; technical demos; minimal slides","CEO as chief architect; technical merit-based","Developer adoption, inference performance, training speed","Focus on accelerated computing platforms; cut distractions","Technical ownership; architecture milestones","Technical excellence; intellectual honesty; perseverance","Intense technical focus; hands-on architecture reviews","Read papers; customer visits; technical conferences","Adapt architecture; pivot implementation; keep north star"
"Mark Zuckerberg","Build social technology that brings people together.","Social utility platform with network effects and integrated monetization","Rapid prototyping, hackathons, and strategic acquisitions","Move fast; compete on scale and engagement","High-risk, high-reward; build-buy-copy framework","Hire builders and hackers; values fit over experience","Move fast, be bold, focus on impact; open office","Mission impact and equity upside; ship ownership","Direct, transparent all-hands; product demos","Empower builders; swift exits for culture misalignment","Weekly product reviews; short demos; data-driven","CEO as product architect; data-informed decisions","DAU/MAU, engagement, time spent, ad effectiveness","Ruthless focus on core social experiences","Ship early, iterate fast, kill what doesn't scale","Connection, openness, community","Intense work sprints; builder mentality","Rapid testing and learning; data-driven iteration","Pivot quickly; reframe setbacks as learning"
"Bill Gates","Software will empower people and businesses to achieve their potential.","Platform dominance through standards and ecosystem","Deep R&D investment; strategic acquisitions; platform leverage","Aggressive; compete on platform integration and ecosystem","Calculated platform bets with clear competitive advantage","Hire the smartest technical minds; IQ over experience","High intensity; technical rigor; intellectual debate","Technical impact; solving hard problems; equity","Direct, technical, and precise; think weeks","Rotate top technical talent; promote from within","Structured reviews; deep technical dives","Data-informed with strong technical owner","Market share, developer adoption, platform usage","Platform leverage; cut non-strategic efforts","Regular reviews; clear ownership; technical milestones","Technical excellence; intellectual honesty; market focus","Intense focus; legendary work ethic; think weeks","Voracious reading; technical curiosity; customer feedback","Pivot quickly; learn from failures; maintain vision"
"Larry Page","Solve important problems with ambitious technology and moonshot thinking.","Platform scale with deep technological moats","Moonshots (10x improvements); long-term R&D; strategic acquisitions","Ambitious; compete on technical innovation and scale","High-risk, high-reward moonshots with clear technical advantages","Hire the smartest technical minds; optimize for intelligence","Flat, engineering-led; autonomous teams; 20% time","Technical impact; autonomy; moonshot participation","Minimal, technical, data-driven; avoid management overhead","Rotate top technical talent; promote technical leaders","Minimal meetings; data-driven reviews; technical demos","Data-informed with strong technical owner","User growth, engagement, technical performance","Focus on massive technical leverage; cut non-scalable efforts","OKRs; technical milestones; minimal process","Technical excellence; scalable thinking; user focus","Intense technical focus; optimize for leverage","Rapid prototyping; technical curiosity; first principles","Learn from data; pivot quickly; maintain technical vision"
"Sergey Brin","Make technology universally accessible while not being evil.","Platform scale with deep technological moats","Moonshots (X); unconventional thinking; technical exploration","Playful; compete on technical innovation and user experience","High-risk, high-reward bets on emerging technologies","Hire creative technical minds; optimize for intelligence and creativity","Flat, engineering-led; playful; unconventional thinking","Technical impact; autonomy; solving interesting problems","Minimal, technical, demo-based; avoid management overhead","Rotate top technical talent; promote creative problem-solvers","Minimal meetings; demo-based; technical exploration","Data-informed with creative exploration","User growth, engagement, technical performance","Focus on technical innovation; cut bureaucracy","OKRs; technical milestones; minimal process","Technical excellence; user focus; ethical boundaries","Intense technical focus; playful exploration","Rapid prototyping; unconventional thinking; exploration","Learn from data; pivot quickly; maintain ethical vision"
"Reed Hastings","Create joy through entertainment while maximizing creative freedom.","Premium content subscription platform with global scale","Freedom and responsibility; test and learn; targeted acquisitions","Compete on talent density and creative freedom","High-conviction, long-term bets with continuous testing","Hire stunning colleagues; talent density over all else","Freedom and responsibility; radical candor; no rules","Top-of-market comp; context over control","Culture memo; transparent data; open debate","Keep stunning colleagues; let adequate performers go","Minimize meetings; focus on memos and 1:1s","Highly informed captain model; disagree and commit","Retention, engagement, viewing hours, content efficiency","Ruthless focus on streaming; cut distractions","Context, not control; informed captains","Sunlight is the best disinfectant; radical candor","Sustained intensity; vacation whenever needed","Openly learn from failures; share context broadly","Adapt to reality; no sunk cost fallacy; pivot fast"
"Brian Chesky","Design a world where anyone can belong anywhere through trust and hospitality.","Two-sided marketplace for unique stays and experiences; design and brand as moat","Design-first product culture; rapid experiments; host ecosystem programs","Differentiate on community, trust, and unique supply versus hotels","Bold adaptive pivots with staged rollouts; preserve trust and safety","Hire builders with taste, empathy, and mission fit","Design-driven, detail-obsessed, hospitality mindset; founders’ mentality","Mission impact, craft recognition, equity upside","Narrative memos; brand storytelling; rigorous design reviews","Grow multi-disciplinary product leaders; elevate creators/hosts","Weekly design/product reviews; crits; lightweight status","Founder taste with data as input; customer-backed","Nights booked, repeat rate, host supply quality, NPS, take rate","Quality over breadth; reduce complexity; polish core","DRIs; pre-flight/launch checklists; incident reviews","Belonging, trust, simplicity, hospitality","Intense craft focus; hands-on with product and design","Customer research; host feedback; travel immersion","Reframe crises into simplification and brand strengthening (e.g., 2020 reset)"
"Patrick Collison","Increase the GDP of the internet through reliable, global financial infrastructure.","Developer-first payments and fintech platform; compliance and coverage as moat","API-first modular platform; disciplined R&D; selective acquisitions","Compete on developer experience, reliability, and breadth of primitives","Long-term, regulated bets with staged country rollout and risk controls","Hire high-agency, fast learners with strong writing and curiosity","Writing-heavy, analytical, high standards; operational excellence","Mission, scope of impact, autonomy; meaningful equity","Long-form docs, RFCs, dashboards; clear Friday updates","Stretch roles; internal mobility; strong mentorship and feedback","Few, purposeful meetings; docs-first; weekly metrics reviews","Write the decision; reversible vs. irreversible; data plus judgment","TPV, reliability (four nines), activation, churn, country coverage","Focus on platform primitives; compound into adjacent products","DRIs; service ownership; rigorous postmortems","Pragmatism, ambition, craftsmanship, compounding","Sustainable intensity; curiosity-driven effort","Read deeply; customer interviews; study tech/finance history","Treat setbacks as debugging; iterate and keep shipping"
"John Collison","TBD - John Collison core ideology","TBD - market positioning","TBD - innovation engine","TBD - competitive stance","TBD - risk profile","TBD - hiring philosophy","TBD - culture","TBD - motivation","TBD - communication","TBD - talent","TBD - meetings","TBD - decisions","TBD - metrics","TBD - focus","TBD - accountability","TBD - principles","TBD - work ethic","TBD - learning","TBD - resilience"
"Daniel Ek","Unlock human creativity by enabling a million creators to live off their art.","Freemium audio platform; personalization and creator tools as differentiation","ML-driven personalization; experimentation; acquisitions (podcasts, studios)","Compete on discovery, UX, and creator ecosystem alignment","Portfolio bets with prudent financial discipline; rights and market risks managed","Hire builders with product sense, data rigor, and music passion","Squad model; autonomy with alignment; mission-driven","Mission impact; creator value; equity and ownership","Candid memos; all-hands; transparent data dashboards","Grow squad leaders; rotate technical and product leadership","Lightweight squad rituals; demos; minimal standing meetings","Data-informed with product vision; test-and-learn cadence","MAU, retention, hours listened, LTV/CAC, creator payouts","Personalization and creator tools first; avoid unfocused expansions","Squad OKRs; postmortems; clear ownership","User centricity, craft, long-term creator alignment","Consistent cadence; deep product dives","Experiments; creator/label feedback; industry study","Pivot formats, renegotiate models, iterate to fit market"
"Stewart Butterfield","Make work simpler, more pleasant, and more productive.","Enterprise communication hub and platform; integrations as network effect","User-led iteration; polished UX; thriving platform/app ecosystem","Compete on UX, integration breadth, and bottom-up adoption","Product-led bets; careful enterprise scaling; progressive hardening","Hire empathetic product thinkers; strong writers; craft-focused","Human, inclusive, writing-first; customer empathy and clarity","Impact, autonomy, craftsmanship; visible recognition","Writing-first updates; transparent release notes; customer narrative","Grow strong PM/EM tracks; support IC excellence","Async-first; minimal sync; weekly product/design reviews","Write the decision; customer evidence; design taste with data","DAU/MAU, messages sent, retention, expansion (NDR)","Core messaging and platform health; resist bloat","DRIs; incident reviews; service ownership","Empathy, simplicity, craftsmanship, transparency","Sustainable, thoughtful pace; avoid heroics","Customer support signals; usage analytics; dogfooding","Course-correct quickly; reposition/pivot as needed"
"Michael Dell","Create technology that drives human progress at scale with operational excellence.","End-to-end infrastructure and PCs; cost, service, and channel breadth as moat","Supply chain optimization; services shift; transformative M&A (EMC)","Compete on cost, service, breadth; deep customer and channel relationships","Large but modeled acquisitions; deleveraging discipline; staged integration","Hire disciplined operators and high-performing sellers","Customer-first, execution-oriented, accountable","Ownership mindset; performance-based compensation","Direct, metrics-driven operational reviews and pipeline calls","Promote operators; develop sales leadership and GM talent","Cadenced ops reviews; pipeline and forecast discipline","Data-driven decisions with P&L owners accountable","Revenue, margin, cash conversion cycle, NPS","Core plus adjacent services; avoid shiny objects","Scorecards; WBRs; owner on every initiative","Customer obsession, execution, frugality","High intensity; hands-on operational detail","Customer visits; competitor benchmarks; supplier learning","Buyout and EMC integration resilience; deleverage and adjust portfolio"
"Meg Whitman","Build durable platforms by listening to customers and executing with discipline.","Marketplace and enterprise platforms; brand trust and scale as moats","Customer-informed iteration; operational turnaround; selective M&A","Compete on service quality, cost discipline, and user trust","Moderate, staged bets with clear ROI; protect franchise","Hire pragmatic operators with customer focus and bias to action","Performance culture; accountability; customer-first mindset","Mission impact, recognition, upside for turnaround wins","Direct, clear updates; customer and employee town halls","Promote capable operators; retain top sellers and product leaders","Structured ops reviews; tempo increases during turnarounds","Data-informed with decision owner; pragmatic trade-offs","Customer NPS, margin, free cash flow, inventory turns","Focus on core and profitable adjacencies; cut distractions","Scorecards; WBRs; named owners; turnaround playbooks","Customer focus, integrity, discipline","Consistent, high-effort cadence; hands-on where needed","Customer councils; frontline listening; benchmark peers","Stabilize first; simplify; communicate; then invest in growth"
"Andy Grove","Only the paranoid survive in a world of strategic inflection points.","Technology leadership through manufacturing excellence","Disciplined engineering; process innovation; strategic pivots","Paranoid; compete on execution and manufacturing excellence","Calculated, strategic bets with clear inflection point awareness","Hire for technical excellence and intellectual honesty","High output; confrontational; meritocratic; data-driven","Technical impact; clear goals; performance-based advancement","Direct, confrontational, precise; one-on-ones","Develop through confrontation; performance-based advancement","Structured meetings; preparation required; clear outputs","Data-driven with confrontational debate","Output per employee, manufacturing yield, market share","Focus on strategic inflection points; eliminate distractions","OKRs; regular reviews; clear ownership","Intellectual honesty; paranoid vigilance; discipline","Intense focus; methodical execution; preparation","Study competitors; learn from failures; anticipate changes","Face reality; adapt quickly; maintain paranoid vigilance"
"Safra Catz","Compound shareholder value through disciplined operations and rigorous M&A.","Enterprise software and cloud; integrated stack and support as moat","Integrate acquisitions with cost and revenue synergies; finance-driven ops","Compete on TCO, integration depth, and support guarantees","Disciplined, model-driven bets; accretive M&A and cost control","Hire high-output operators and finance-athletes","Execution-first, metrics-driven, low-politics","Performance pay, equity, results visibility","Direct, precise, numbers-first communications","Elevate reliable operators; retain top technical sellers","Cadenced ops and forecast calls; tight close processes","Data-first, P&L ownership, clear trade-offs","Revenue, margin, cash conversion, renewal rate","Prioritize high-margin and sticky offerings; prune low return","Owner assignment, forecast rigor, postmortems","Discipline, integrity, accountability","Sustained, focused intensity","Learn from deals, customers, and patterns in data","Absorb shocks via liquidity, discipline, and optionality"
"Larry Ellison","Win by building the most reliable, integrated enterprise data platform.","Database and enterprise apps with integrated cloud; performance and security moats","Relentless engineering on reliability; acquisitive to fill platform gaps","Aggressive; compete on benchmarks, integration, and switching costs","Bold platform bets with long horizons; tolerate controversy","Hire elite engineers and competitive sellers","High standards; adversarial rigor; product-led pride","Big outcomes; status via results; equity","Direct, provocative keynotes; technical demos","Grow technical leaders and field generals","Product and benchmark reviews; competitive debriefs","Founder taste; technical data; contrarian bets","DB performance, SLAs, renewals, benchmark wins","Focus on core database/cloud platform; cut weak lines","DRIs; public commitments; hard postmortems","Excellence, competitiveness, customer success","Intense, durable work capacity","Hands-on with customers, labs, and rivals’ claims","Absorb hits; double down on technical strengths"
"Ginni Rometty","Steer large-scale reinvention through client value, skills, and responsible tech.","Hybrid cloud and industry solutions; services and relationships as moat","Reskill workforce; strategic acquisitions (Red Hat preparation); client co-creation","Compete on trust, industry expertise, and long-term value","Measured bets with de-risking; portfolio pruning","Hire for consultative depth and learning agility","Client-first, inclusive, continuous learning","Recognition, career paths, purpose alignment","Transparent, client-centered communications","Elevate consultative leaders; reskill at scale","Structured client reviews; portfolio councils","Data-informed with stakeholder input; principle guardrails","Client value, backlog quality, skills index","Focus on hybrid cloud/services; exit commoditized areas","Named owners; skills and outcomes tracked","Trust, responsibility, continuous learning","Steady, sustainable effort","Learning platforms; client feedback loops","Face hard truths; prune; invest in future skills"
"Arvind Krishna","Be the platform for hybrid cloud and trusted AI for enterprises.","Hybrid cloud (Red Hat OpenShift) and AI platform; open ecosystem as moat","Open-source leverage; targeted M&A; industry accelerators; research-to-product","Compete on openness, security, and enterprise integration","Disciplined portfolio bets; exit low growth; invest in platform layers","Hire strong technologists and customer-centric PMs","Engineering-led, client-focused, ethical AI culture","Impact, growth paths, technical recognition","Straightforward, technical updates; client wins and roadmaps","Promote technical leaders; invest in skills academies","Cadenced product/architecture and client cadence reviews","Data-driven with technical judgment; open governance","ARR, cloud revenue mix, OpenShift adoption, AI attach","Focus on hybrid cloud, data/AI; divest commoditized services","Service ownership; SLAs; post-incident learning","Trust, openness, technical excellence","Consistent technical cadence; hands-on","Research insights; open-source ecosystems; customer councils","Adapt portfolio; double down on platform adoption"
"Indra Nooyi","Performance with purpose - delivering sustainable growth by investing in a healthier future.","Premium brands with health and sustainability focus","Consumer insights; product reformulation; strategic acquisitions","Balanced; compete on brand strength, innovation, and purpose","Calculated transformation with clear sustainability alignment","Hire for diversity, global mindset, and values alignment","Performance-driven; purpose-led; globally inclusive","Mission impact; career development; recognition","Authentic, inclusive; storytelling; active listening","Develop through stretch assignments; global rotation","Structured; data-informed; inclusive dialogue","Data-driven with stakeholder input; purpose-aligned","Growth, market share, sustainability metrics, innovation pipeline","Focus on core brands; sustainability initiatives; emerging markets","Clear goals; regular reviews; sustainability metrics","Authenticity, performance, purpose, inclusivity","Intense focus; balanced perspective; sustainable pace","Consumer trends; global perspective; continuous learning","Face reality; maintain purpose focus; adapt with authenticity"
"Warren Buffett","Build enduring value through rational capital allocation and business stewardship.","Value-focused conglomerate with decentralized operations","Acquire well-managed businesses with durable competitive advantages","Patient; compete on capital allocation efficiency and long-term thinking","Calculated, asymmetric bets with margin of safety","Hire honest, energetic, intelligent managers with integrity","Decentralized autonomy; rational capital allocation; long-term focus","Owner mindset; alignment through equity; intrinsic motivation","Direct, folksy, educational letters; teaching moments","Delegate fully to trusted operators; minimal HQ staff","Minimal; annual meetings and board reviews","Rational, independent thinking; avoid institutional imperative","Return on equity, intrinsic value growth, float generation","Focus on circle of competence; avoid distractions","Decentralized accountability; minimal HQ oversight","Integrity, rationality, long-term thinking","Focused reading and thinking; patient decision-making","Voracious reading; learning from mistakes; studying businesses","Learn from mistakes; adapt principles; maintain core values"
"Jamie Dimon","Build an exceptional company that can thrive in any environment.","Full-service financial fortress with scale and diversification","Disciplined innovation; strategic acquisitions; fortress balance sheet","Disciplined; compete on risk management and operational excellence","Calculated, long-term bets with clear risk boundaries","Hire for character, capability, and judgment","Fortress mentality; client-first; operational excellence","Performance-based compensation; ownership mentality","Direct, transparent shareholder letters; town halls","Develop through stretch assignments; promote from within","Structured operating reviews; transparent communication","Data-driven with clear ownership; risk-aware","Return on equity, efficiency ratio, credit quality, client satisfaction","Focus on client needs; maintain fortress balance sheet","Regular reviews; clear ownership; risk discipline","Integrity, discipline, client focus, excellence","Intense focus; disciplined execution; sustainable pace","Industry analysis; client feedback; competitive benchmarking","Face reality; maintain fortress balance sheet; adapt quickly"
"Mary Barra","Win with safety, quality, and electrification at scale.","Mass‑market auto with premium tech differentiation (EVs, software)","Iterative engineering, platform reuse, targeted acquisitions/partnerships","Compete on reliability and safety; lead in EV transition","Calculated; stage‑gate large capital bets","Hire builders and system thinkers; frontline respect","Safety and accountability culture; speak up for safety","Purpose, recognition, and frontline pride","Direct, transparent updates; plant and town‑hall cadence","Grow stars on mission‑critical lines; coach performance","Layered ops reviews; safety and launch readiness gates","Data‑driven, consensus with accountable owner","Safety incidents, warranty cost, launch quality, throughput","De‑prioritize nice‑to‑have features; protect launch quality","Owner on every launch gate; layered accountability","Integrity, safety, customer respect","Disciplined, plant‑grounded work; show up on the floor","Gemba walks; data and customer feedback; supplier learning","Stabilize, fix root cause, and verify with data"
"Marc Benioff","Business is the greatest platform for change, combining profit and purpose.","Enterprise SaaS with stakeholder capitalism","Customer co-innovation; acquisitions; Ohana ecosystem","Values-led; compete on customer success and stakeholder trust","Calculated platform bets with clear values alignment","Hire for values alignment and customer obsession","Ohana (family) culture; equality; stakeholder capitalism","Mission impact; 1-1-1 model; equality and belonging","Transparent, values-driven; storytelling; philanthropy","Develop through coaching; promote values champions","V2MOM alignment; customer success reviews; philanthropy","Consensus with values alignment; customer-informed","Customer success, ARR growth, equality metrics","Focus on customer success; prune non-aligned efforts","V2MOM; public commitments; values alignment","Trust, customer success, innovation, equality","Sustainable pace; philanthropy integration; balance","Customer listening tours; industry trends; reading","Values-based pivots; maintain stakeholder trust"
"Susan Wojcicki","TBD - Susan Wojcicki core ideology","TBD - market positioning","TBD - innovation engine","TBD - competitive stance","TBD - risk profile","TBD - hiring philosophy","TBD - culture","TBD - motivation","TBD - communication","TBD - talent","TBD - meetings","TBD - decisions","TBD - metrics","TBD - focus","TBD - accountability","TBD - principles","TBD - work ethic","TBD - learning","TBD - resilience"
"Whitney Wolfe Herd","TBD - Whitney Wolfe Herd core ideology","TBD - market positioning","TBD - innovation engine","TBD - competitive stance","TBD - risk profile","TBD - hiring philosophy","TBD - culture","TBD - motivation","TBD - communication","TBD - talent","TBD - meetings","TBD - decisions","TBD - metrics","TBD - focus","TBD - accountability","TBD - principles","TBD - work ethic","TBD - learning","TBD - resilience"
"Zhang Yiming","TBD - Zhang Yiming core ideology","TBD - market positioning","TBD - innovation engine","TBD - competitive stance","TBD - risk profile","TBD - hiring philosophy","TBD - culture","TBD - motivation","TBD - communication","TBD - talent","TBD - meetings","TBD - decisions","TBD - metrics","TBD - focus","TBD - accountability","TBD - principles","TBD - work ethic","TBD - learning","TBD - resilience"
"Pony Ma","TBD - Pony Ma core ideology","TBD - market positioning","TBD - innovation engine","TBD - competitive stance","TBD - risk profile","TBD - hiring philosophy","TBD - culture","TBD - motivation","TBD - communication","TBD - talent","TBD - meetings","TBD - decisions","TBD - metrics","TBD - focus","TBD - accountability","TBD - principles","TBD - work ethic","TBD - learning","TBD - resilience"
"Jack Ma","TBD - Jack Ma core ideology","TBD - market positioning","TBD - innovation engine","TBD - competitive stance","TBD - risk profile","TBD - hiring philosophy","TBD - culture","TBD - motivation","TBD - communication","TBD - talent","TBD - meetings","TBD - decisions","TBD - metrics","TBD - focus","TBD - accountability","TBD - principles","TBD - work ethic","TBD - learning","TBD - resilience"
"Lei Jun","TBD - Lei Jun core ideology","TBD - market positioning","TBD - innovation engine","TBD - competitive stance","TBD - risk profile","TBD - hiring philosophy","TBD - culture","TBD - motivation","TBD - communication","TBD - talent","TBD - meetings","TBD - decisions","TBD - metrics","TBD - focus","TBD - accountability","TBD - principles","TBD - work ethic","TBD - learning","TBD - resilience"
"Ren Zhengfei","TBD - Ren Zhengfei core ideology","TBD - market positioning","TBD - innovation engine","TBD - competitive stance","TBD - risk profile","TBD - hiring philosophy","TBD - culture","TBD - motivation","TBD - communication","TBD - talent","TBD - meetings","TBD - decisions","TBD - metrics","TBD - focus","TBD - accountability","TBD - principles","TBD - work ethic","TBD - learning","TBD - resilience"
"Mukesh Ambani","TBD - Mukesh Ambani core ideology","TBD - market positioning","TBD - innovation engine","TBD - competitive stance","TBD - risk profile","TBD - hiring philosophy","TBD - culture","TBD - motivation","TBD - communication","TBD - talent","TBD - meetings","TBD - decisions","TBD - metrics","TBD - focus","TBD - accountability","TBD - principles","TBD - work ethic","TBD - learning","TBD - resilience"
"Gautam Adani","TBD - Gautam Adani core ideology","TBD - market positioning","TBD - innovation engine","TBD - competitive stance","TBD - risk profile","TBD - hiring philosophy","TBD - culture","TBD - motivation","TBD - communication","TBD - talent","TBD - meetings","TBD - decisions","TBD - metrics","TBD - focus","TBD - accountability","TBD - principles","TBD - work ethic","TBD - learning","TBD - resilience"
"N. R. Narayana Murthy","TBD - N. R. Narayana Murthy core ideology","TBD - market positioning","TBD - innovation engine","TBD - competitive stance","TBD - risk profile","TBD - hiring philosophy","TBD - culture","TBD - motivation","TBD - communication","TBD - talent","TBD - meetings","TBD - decisions","TBD - metrics","TBD - focus","TBD - accountability","TBD - principles","TBD - work ethic","TBD - learning","TBD - resilience"
"Azim Premji","TBD - Azim Premji core ideology","TBD - market positioning","TBD - innovation engine","TBD - competitive stance","TBD - risk profile","TBD - hiring philosophy","TBD - culture","TBD - motivation","TBD - communication","TBD - talent","TBD - meetings","TBD - decisions","TBD - metrics","TBD - focus","TBD - accountability","TBD - principles","TBD - work ethic","TBD - learning","TBD - resilience"
"Ratan Tata","TBD - Ratan Tata core ideology","TBD - market positioning","TBD - innovation engine","TBD - competitive stance","TBD - risk profile","TBD - hiring philosophy","TBD - culture","TBD - motivation","TBD - communication","TBD - talent","TBD - meetings","TBD - decisions","TBD - metrics","TBD - focus","TBD - accountability","TBD - principles","TBD - work ethic","TBD - learning","TBD - resilience"
"Akio Toyoda","TBD - Akio Toyoda core ideology","TBD - market positioning","TBD - innovation engine","TBD - competitive stance","TBD - risk profile","TBD - hiring philosophy","TBD - culture","TBD - motivation","TBD - communication","TBD - talent","TBD - meetings","TBD - decisions","TBD - metrics","TBD - focus","TBD - accountability","TBD - principles","TBD - work ethic","TBD - learning","TBD - resilience"
"Hiroshi Mikitani","TBD - Hiroshi Mikitani core ideology","TBD - market positioning","TBD - innovation engine","TBD - competitive stance","TBD - risk profile","TBD - hiring philosophy","TBD - culture","TBD - motivation","TBD - communication","TBD - talent","TBD - meetings","TBD - decisions","TBD - metrics","TBD - focus","TBD - accountability","TBD - principles","TBD - work ethic","TBD - learning","TBD - resilience"
"Daniel Zhang","TBD - Daniel Zhang core ideology","TBD - market positioning","TBD - innovation engine","TBD - competitive stance","TBD - risk profile","TBD - hiring philosophy","TBD - culture","TBD - motivation","TBD - communication","TBD - talent","TBD - meetings","TBD - decisions","TBD - metrics","TBD - focus","TBD - accountability","TBD - principles","TBD - work ethic","TBD - learning","TBD - resilience"
"Bob Iger","TBD - Bob Iger core ideology","TBD - market positioning","TBD - innovation engine","TBD - competitive stance","TBD - risk profile","TBD - hiring philosophy","TBD - culture","TBD - motivation","TBD - communication","TBD - talent","TBD - meetings","TBD - decisions","TBD - metrics","TBD - focus","TBD - accountability","TBD - principles","TBD - work ethic","TBD - learning","TBD - resilience"
"Ted Sarandos","TBD - Ted Sarandos core ideology","TBD - market positioning","TBD - innovation engine","TBD - competitive stance","TBD - risk profile","TBD - hiring philosophy","TBD - culture","TBD - motivation","TBD - communication","TBD - talent","TBD - meetings","TBD - decisions","TBD - metrics","TBD - focus","TBD - accountability","TBD - principles","TBD - work ethic","TBD - learning","TBD - resilience"
"Howard Schultz","Create a third place between work and home that nurtures human connection.","Premium coffee experience with community focus","Store experience innovation; coffee quality; vertical integration","Experiential; compete on quality, experience, and values","Calculated expansion with clear brand alignment","Hire for values and passion; partner-first mentality","Mission-driven; values-led; partner empowerment","Benefits for all partners; shared success; mission impact","Emotional storytelling; open forums; mission reinforcement","Develop through store experience; promote from within","Open forums; mission-reinforcing; partner-focused","Values-aligned with clear ownership; mission-driven","Same-store sales, customer experience, partner satisfaction","Focus on customer experience; prune non-core distractions","Mission-based reviews; partner-centric metrics","People first, coffee passion, community connection","Hands-on; store visits; mission evangelism","Customer feedback; market trends; coffee expertise","Reconnect to core mission; maintain quality standards"
"Phil Knight","Bring inspiration and innovation to every athlete in the world.","Premium athletic brand with athlete endorsements","Athlete-driven innovation; design focus; manufacturing partnerships","Aggressive; compete on brand, innovation, and athlete endorsements","Bold, athlete-focused bets with clear brand alignment","Hire athletes and sports enthusiasts; passion for the brand","Competitive; athlete-focused; innovation-driven; rebellious","Mission impact; equity; athlete connection","Direct, informal; athlete stories; brand narratives","Develop through sports passion; promote brand believers","Informal; athlete-focused; design reviews","Intuition-led with data input; brand-driven","Brand strength, athlete adoption, innovation pipeline","Focus on performance and design; cut distractions","Clear product ownership; athlete feedback","Competitive spirit, innovation, authenticity","Intense focus; competitive drive; athlete mentality","Athlete feedback; competitor analysis; global trends","Face reality; maintain competitive spirit; adapt quickly"
"Ursula Burns","Transform legacy businesses through authentic leadership and operational discipline.","Enterprise services with technology transformation focus","Strategic acquisitions; legacy modernization; service innovation","Pragmatic; compete on operational excellence and transformation expertise","Calculated transformation with clear operational milestones","Hire for diversity, technical expertise, and resilience","Direct; meritocratic; inclusive; operationally disciplined","Mission impact; career development; operational excellence","Direct, authentic, candid; town halls; straight talk","Develop through stretch assignments; promote diverse talent","Structured; data-driven; candid dialogue","Data-informed with clear ownership; transformation-focused","Cash flow, operational efficiency, transformation milestones","Focus on core services; strategic transformation; cost discipline","Clear goals; regular reviews; operational metrics","Authenticity, directness, operational excellence, diversity","Intense focus; disciplined execution; sustainable pace","Industry trends; operational benchmarking; continuous learning","Face reality directly; maintain operational focus; adapt quickly"
"Anne Mulcahy","TBD - Anne Mulcahy core ideology","TBD - market positioning","TBD - innovation engine","TBD - competitive stance","TBD - risk profile","TBD - hiring philosophy","TBD - culture","TBD - motivation","TBD - communication","TBD - talent","TBD - meetings","TBD - decisions","TBD - metrics","TBD - focus","TBD - accountability","TBD - principles","TBD - work ethic","TBD - learning","TBD - resilience"
"Yvon Chouinard","Build the best product, cause no unnecessary harm, use business to protect nature.","Premium outdoor gear with environmental responsibility","Materials innovation; durability focus; environmental solutions","Contrarian; compete on quality, durability, and values","Calculated, environmentally-aligned bets with clear purpose","Hire passionate outdoors people with environmental values","Mission-driven; anti-corporate; environmentally conscious","Mission impact; flexible work; outdoor time","Direct, informal; environmental storytelling; authenticity","Develop through passion projects; promote values champions","Informal; outdoors-based; minimal bureaucracy","Values-aligned with environmental impact assessment","Environmental impact, product durability, customer loyalty","Focus on quality and environmental impact; cut growth for growth's sake","Clear environmental goals; transparent reporting","Quality, simplicity, environmental responsibility","Balanced; outdoor-focused; sustainable pace","Environmental research; field testing; customer feedback","Adapt business model; maintain environmental focus"
"Sara Blakely","Help women feel great, comfortable, and confident through innovative products.","Premium women's solutions with direct-to-consumer focus","Customer pain point innovation; product differentiation; controlled distribution","Disruptive; compete on innovation, authenticity, and female empowerment","Self-funded, controlled growth with clear customer focus","Hire for attitude and passion; primarily female workforce","Women-focused; supportive; authentic; entrepreneurial","Mission impact; female empowerment; shared success","Authentic, relatable; personal storytelling; customer connection","Develop through mentorship; promote from within","Informal; collaborative; customer-focused","Intuition-led with customer feedback; founder-driven","Customer satisfaction, word-of-mouth, retail placement","Focus on core products; customer problems; controlled growth","Clear ownership; customer feedback loops","Female empowerment, authenticity, persistence, innovation","Balanced; entrepreneurial; family-focused","Customer feedback; market gaps; continuous improvement","Embrace failure; maintain authenticity; adapt with purpose"
"Oprah Winfrey","Live your best life through authentic connection, personal growth, and service to others.","Premium media brand with authentic connection and personal growth focus","Authentic storytelling; platform creation; strategic partnerships","Differentiated; compete on authenticity, connection, and trust","Calculated expansion with clear purpose and audience alignment","Hire for passion, authenticity, and shared values","Authentic; mission-driven; inclusive; empowering","Mission impact; personal growth; shared purpose","Authentic, vulnerable; storytelling; emotional connection","Develop through mentorship; promote based on values alignment","Collaborative; purpose-driven; authentic dialogue","Intuition-led with audience feedback; values-driven","Audience engagement, trust metrics, platform reach","Focus on authentic connection; cut inauthentic opportunities","Clear purpose; audience feedback; values alignment","Authenticity, empowerment, service, personal growth","Balanced; purpose-driven; sustainable pace","Audience listening; continuous self-improvement; reading","Face challenges openly; maintain authenticity; adapt with purpose"
"Tony Hsieh","Deliver happiness through service, culture, and community.","Premium service with customer experience focus","Customer service innovation; culture engineering; urban revitalization","Differentiated; compete on service, culture, and experience","Bold, experience-focused bets with clear cultural alignment","Hire for culture fit and service orientation over experience","Service-oriented; values-driven; fun; community-focused","Mission impact; shared values; community belonging","Transparent, authentic; storytelling; core values","Develop through culture immersion; promote values champions","Informal; collaborative; culture-reinforcing","Values-aligned with customer impact assessment","Customer happiness, employee happiness, NPS","Focus on customer experience; cut anything compromising service","Core values; customer feedback; transparent metrics","Customer service, happiness, community, authenticity","Balanced; fun-focused; sustainable pace","Customer feedback; service innovation; continuous improvement","Adapt through values focus; maintain service excellence"
"Ben Horowitz","TBD - Ben Horowitz core ideology","TBD - market positioning","TBD - innovation engine","TBD - competitive stance","TBD - risk profile","TBD - hiring philosophy","TBD - culture","TBD - motivation","TBD - communication","TBD - talent","TBD - meetings","TBD - decisions","TBD - metrics","TBD - focus","TBD - accountability","TBD - principles","TBD - work ethic","TBD - learning","TBD - resilience"
"Andy Jassy","TBD - Andy Jassy core ideology","TBD - market positioning","TBD - innovation engine","TBD - competitive stance","TBD - risk profile","TBD - hiring philosophy","TBD - culture","TBD - motivation","TBD - communication","TBD - talent","TBD - meetings","TBD - decisions","TBD - metrics","TBD - focus","TBD - accountability","TBD - principles","TBD - work ethic","TBD - learning","TBD - resilience"
"Lisa Su","TBD - Lisa Su core ideology","TBD - market positioning","TBD - innovation engine","TBD - competitive stance","TBD - risk profile","TBD - hiring philosophy","TBD - culture","TBD - motivation","TBD - communication","TBD - talent","TBD - meetings","TBD - decisions","TBD - metrics","TBD - focus","TBD - accountability","TBD - principles","TBD - work ethic","TBD - learning","TBD - resilience"
"Pat Gelsinger","TBD - Pat Gelsinger core ideology","TBD - market positioning","TBD - innovation engine","TBD - competitive stance","TBD - risk profile","TBD - hiring philosophy","TBD - culture","TBD - motivation","TBD - communication","TBD - talent","TBD - meetings","TBD - decisions","TBD - metrics","TBD - focus","TBD - accountability","TBD - principles","TBD - work ethic","TBD - learning","TBD - resilience"
"Steve Ballmer","TBD - Steve Ballmer core ideology","TBD - market positioning","TBD - innovation engine","TBD - competitive stance","TBD - risk profile","TBD - hiring philosophy","TBD - culture","TBD - motivation","TBD - communication","TBD - talent","TBD - meetings","TBD - decisions","TBD - metrics","TBD - focus","TBD - accountability","TBD - principles","TBD - work ethic","TBD - learning","TBD - resilience"
"John Chambers","TBD - John Chambers core ideology","TBD - market positioning","TBD - innovation engine","TBD - competitive stance","TBD - risk profile","TBD - hiring philosophy","TBD - culture","TBD - motivation","TBD - communication","TBD - talent","TBD - meetings","TBD - decisions","TBD - metrics","TBD - focus","TBD - accountability","TBD - principles","TBD - work ethic","TBD - learning","TBD - resilience"
"Morris Chang","TBD - Morris Chang core ideology","TBD - market positioning","TBD - innovation engine","TBD - competitive stance","TBD - risk profile","TBD - hiring philosophy","TBD - culture","TBD - motivation","TBD - communication","TBD - talent","TBD - meetings","TBD - decisions","TBD - metrics","TBD - focus","TBD - accountability","TBD - principles","TBD - work ethic","TBD - learning","TBD - resilience"
"Michael Bloomberg","TBD - Michael Bloomberg core ideology","TBD - market positioning","TBD - innovation engine","TBD - competitive stance","TBD - risk profile","TBD - hiring philosophy","TBD - culture","TBD - motivation","TBD - communication","TBD - talent","TBD - meetings","TBD - decisions","TBD - metrics","TBD - focus","TBD - accountability","TBD - principles","TBD - work ethic","TBD - learning","TBD - resilience"
"Rupert Murdoch","TBD - Rupert Murdoch core ideology","TBD - market positioning","TBD - innovation engine","TBD - competitive stance","TBD - risk profile","TBD - hiring philosophy","TBD - culture","TBD - motivation","TBD - communication","TBD - talent","TBD - meetings","TBD - decisions","TBD - metrics","TBD - focus","TBD - accountability","TBD - principles","TBD - work ethic","TBD - learning","TBD - resilience"
"Ted Turner","TBD - Ted Turner core ideology","TBD - market positioning","TBD - innovation engine","TBD - competitive stance","TBD - risk profile","TBD - hiring philosophy","TBD - culture","TBD - motivation","TBD - communication","TBD - talent","TBD - meetings","TBD - decisions","TBD - metrics","TBD - focus","TBD - accountability","TBD - principles","TBD - work ethic","TBD - learning","TBD - resilience"
"Bernard Arnault","TBD - Bernard Arnault core ideology","TBD - market positioning","TBD - innovation engine","TBD - competitive stance","TBD - risk profile","TBD - hiring philosophy","TBD - culture","TBD - motivation","TBD - communication","TBD - talent","TBD - meetings","TBD - decisions","TBD - metrics","TBD - focus","TBD - accountability","TBD - principles","TBD - work ethic","TBD - learning","TBD - resilience"
"François-Henri Pinault","TBD - François-Henri Pinault core ideology","TBD - market positioning","TBD - innovation engine","TBD - competitive stance","TBD - risk profile","TBD - hiring philosophy","TBD - culture","TBD - motivation","TBD - communication","TBD - talent","TBD - meetings","TBD - decisions","TBD - metrics","TBD - focus","TBD - accountability","TBD - principles","TBD - work ethic","TBD - learning","TBD - resilience"
"Amancio Ortega","TBD - Amancio Ortega core ideology","TBD - market positioning","TBD - innovation engine","TBD - competitive stance","TBD - risk profile","TBD - hiring philosophy","TBD - culture","TBD - motivation","TBD - communication","TBD - talent","TBD - meetings","TBD - decisions","TBD - metrics","TBD - focus","TBD - accountability","TBD - principles","TBD - work ethic","TBD - learning","TBD - resilience"
"Tadashi Yanai","TBD - Tadashi Yanai core ideology","TBD - market positioning","TBD - innovation engine","TBD - competitive stance","TBD - risk profile","TBD - hiring philosophy","TBD - culture","TBD - motivation","TBD - communication","TBD - talent","TBD - meetings","TBD - decisions","TBD - metrics","TBD - focus","TBD - accountability","TBD - principles","TBD - work ethic","TBD - learning","TBD - resilience"
"Lakshmi Mittal","TBD - Lakshmi Mittal core ideology","TBD - market positioning","TBD - innovation engine","TBD - competitive stance","TBD - risk profile","TBD - hiring philosophy","TBD - culture","TBD - motivation","TBD - communication","TBD - talent","TBD - meetings","TBD - decisions","TBD - metrics","TBD - focus","TBD - accountability","TBD - principles","TBD - work ethic","TBD - learning","TBD - resilience"
"Dieter Zetsche","TBD - Dieter Zetsche core ideology","TBD - market positioning","TBD - innovation engine","TBD - competitive stance","TBD - risk profile","TBD - hiring philosophy","TBD - culture","TBD - motivation","TBD - communication","TBD - talent","TBD - meetings","TBD - decisions","TBD - metrics","TBD - focus","TBD - accountability","TBD - principles","TBD - work ethic","TBD - learning","TBD - resilience"
"Herbert Diess","TBD - Herbert Diess core ideology","TBD - market positioning","TBD - innovation engine","TBD - competitive stance","TBD - risk profile","TBD - hiring philosophy","TBD - culture","TBD - motivation","TBD - communication","TBD - talent","TBD - meetings","TBD - decisions","TBD - metrics","TBD - focus","TBD - accountability","TBD - principles","TBD - work ethic","TBD - learning","TBD - resilience"
"Ola Källenius","TBD - Ola Källenius core ideology","TBD - market positioning","TBD - innovation engine","TBD - competitive stance","TBD - risk profile","TBD - hiring philosophy","TBD - culture","TBD - motivation","TBD - communication","TBD - talent","TBD - meetings","TBD - decisions","TBD - metrics","TBD - focus","TBD - accountability","TBD - principles","TBD - work ethic","TBD - learning","TBD - resilience"
"Carlos Tavares","TBD - Carlos Tavares core ideology","TBD - market positioning","TBD - innovation engine","TBD - competitive stance","TBD - risk profile","TBD - hiring philosophy","TBD - culture","TBD - motivation","TBD - communication","TBD - talent","TBD - meetings","TBD - decisions","TBD - metrics","TBD - focus","TBD - accountability","TBD - principles","TBD - work ethic","TBD - learning","TBD - resilience"
"Alan Mulally","TBD - Alan Mulally core ideology","TBD - market positioning","TBD - innovation engine","TBD - competitive stance","TBD - risk profile","TBD - hiring philosophy","TBD - culture","TBD - motivation","TBD - communication","TBD - talent","TBD - meetings","TBD - decisions","TBD - metrics","TBD - focus","TBD - accountability","TBD - principles","TBD - work ethic","TBD - learning","TBD - resilience"
"Lee Iacocca","TBD - Lee Iacocca core ideology","TBD - market positioning","TBD - innovation engine","TBD - competitive stance","TBD - risk profile","TBD - hiring philosophy","TBD - culture","TBD - motivation","TBD - communication","TBD - talent","TBD - meetings","TBD - decisions","TBD - metrics","TBD - focus","TBD - accountability","TBD - principles","TBD - work ethic","TBD - learning","TBD - resilience"
"Jack Welch","Be #1 or #2 in every business, or get out.","Market leadership through operational excellence","Six Sigma; Workout; strategic acquisitions and divestitures","Aggressive; compete on scale, speed, and operational excellence","Calculated portfolio bets with clear market leadership potential","Hire for performance and values; vitality curve","Boundaryless; meritocratic; performance-driven; candor","Stretch goals; stock options; recognition; advancement","Direct, candid, informal; town halls; management training","Differentiate and develop A players; remove bottom 10%","Structured operating reviews; Work-Out sessions","Data-driven with clear ownership; speed as advantage","Market share, productivity, cash flow, employee engagement","Focus on market-leading businesses; divest the rest","Session C reviews; vitality curve; clear ownership","Candor, speed, meritocracy, simplicity","Intense focus; boundaryless collaboration; bias for action","Workout sessions; best practices; competitive benchmarking","Face reality; adapt quickly; maintain performance focus"
"Sam Walton","Save people money so they can live better.","Low-cost retail with operational excellence","Frugal experimentation; competitor imitation; continuous improvement","Relentless; compete on price, selection, and service","Calculated expansion with clear cost advantages","Hire for values and work ethic; promote from within","Thrift; servant leadership; celebrate associates","Profit sharing; recognition; servant leadership","Direct, folksy, store visits; Saturday morning meetings","Develop through store experience; promote from within","Saturday morning meetings; store visits; open communication","Data-informed with clear ownership; bias for action","Sales per square foot, inventory turns, expense ratio","Focus on everyday low prices; eliminate waste","Store manager ownership; clear metrics; sundown rule","Frugality, customer service, continuous improvement","Hands-on; store visits; lead by example","Competitor visits; best practice sharing; continuous learning","Adapt quickly; maintain frugality; focus on customer"
"Henry Ford","Democratize automobile ownership through mass production and affordability.","Mass-market automobile with vertical integration","Assembly line innovation; vertical integration; standardization","Disruptive; compete on price, efficiency, and scale","Bold, transformative bets on manufacturing processes","Hire for reliability and trainability; assembly line specialists","Efficiency-driven; standardized; hierarchical; production-focused","Higher wages for reliable workers; profit sharing","Direct, authoritarian, minimal; production statistics","Train for specific tasks; promote reliable performers","Production-focused; data-driven; minimal discussion","Centralized with clear owner; efficiency-driven","Production rate, cost per unit, vertical integration metrics","Focus on production efficiency; standardize everything","Clear production targets; visible metrics; direct oversight","Efficiency, standardization, vertical integration","Intense focus on production; hands-on problem solving","Study production processes; industrial innovation; continuous improvement","Standardize processes; maintain production focus; adapt manufacturing"
"John D. Rockefeller","Create order from chaos through systematic integration and efficiency.","Vertically integrated oil monopoly with scale advantages","Process innovation; vertical integration; systematic efficiency","Dominant; compete on scale, efficiency, and integration","Calculated expansion with clear integration advantages","Hire for character, intelligence, and industry knowledge","Methodical; disciplined; data-driven; efficiency-focused","Ownership stakes; clear advancement paths; profit sharing","Direct, minimal, precise; data-focused communication","Develop through systematic training; promote based on results","Structured reviews; data-focused; minimal discussion","Data-driven with clear owner; methodical analysis","Cost per unit, market share, vertical integration metrics","Focus on efficiency and integration; eliminate waste","Regular reviews; clear metrics; systematic oversight","Order, efficiency, methodical analysis, discipline","Relentless focus; systematic approach; disciplined execution","Study industry processes; competitive intelligence; continuous improvement","Adapt through systematic analysis; maintain integration focus"
"Andrew Carnegie","Concentrate to build scale, then distribute wealth for social good.","Vertically integrated steel with cost leadership","Process innovation; vertical integration; continuous improvement","Dominant; compete on scale, efficiency, and integration","Bold, transformative bets on industrial processes","Hire for technical competence and loyalty; promote from within","Efficiency-driven; meritocratic; hierarchical; production-focused","Performance-based advancement; ownership stakes; clear incentives","Direct, authoritative, minimal; production statistics","Develop through apprenticeship; promote based on results","Production-focused; data-driven; minimal discussion","Centralized with clear owner; data-driven","Production rate, cost per unit, vertical integration metrics","Focus on production efficiency; eliminate waste","Clear production targets; visible metrics; direct oversight","Industry, frugality, self-improvement, philanthropy","Relentless focus; hands-on leadership; disciplined execution","Study production processes; competitor analysis; continuous improvement","Adapt through innovation; maintain cost leadership; pivot when necessary"
"Thomas J. Watson Sr.","TBD - Thomas J. Watson Sr. core ideology","TBD - market positioning","TBD - innovation engine","TBD - competitive stance","TBD - risk profile","TBD - hiring philosophy","TBD - culture","TBD - motivation","TBD - communication","TBD - talent","TBD - meetings","TBD - decisions","TBD - metrics","TBD - focus","TBD - accountability","TBD - principles","TBD - work ethic","TBD - learning","TBD - resilience"
"Alfred P. Sloan","TBD - Alfred P. Sloan core ideology","TBD - market positioning","TBD - innovation engine","TBD - competitive stance","TBD - risk profile","TBD - hiring philosophy","TBD - culture","TBD - motivation","TBD - communication","TBD - talent","TBD - meetings","TBD - decisions","TBD - metrics","TBD - focus","TBD - accountability","TBD - principles","TBD - work ethic","TBD - learning","TBD - resilience"
"Ray Kroc","Create a consistent restaurant experience through franchising and standardization.","Fast food franchise with operational consistency","System standardization; franchise model; real estate strategy","Aggressive; compete on consistency, speed, and value","Calculated expansion with clear franchise model","Hire for reliability and system adherence; franchise selection","QSC&V (Quality, Service, Cleanliness & Value); standardization","Franchise ownership; clear metrics; system recognition","Direct, motivational; franchise conventions; field visits","Train for specific roles; promote system adherents","Operations reviews; franchise conventions; field visits","System-driven with clear standards; consistency-focused","Same-store sales, transaction speed, franchise compliance","Focus on core menu; system consistency; real estate","Franchise reviews; visible metrics; operational standards","QSC&V; consistency; persistence; system focus","Relentless focus; hands-on operations; lead by example","Store visits; system improvements; competitive benchmarking","Adapt through system evolution; maintain core standards"
"Estée Lauder","TBD - Estée Lauder core ideology","TBD - market positioning","TBD - innovation engine","TBD - competitive stance","TBD - risk profile","TBD - hiring philosophy","TBD - culture","TBD - motivation","TBD - communication","TBD - talent","TBD - meetings","TBD - decisions","TBD - metrics","TBD - focus","TBD - accountability","TBD - principles","TBD - work ethic","TBD - learning","TBD - resilience"
"Ingvar Kamprad","TBD - Ingvar Kamprad core ideology","TBD - market positioning","TBD - innovation engine","TBD - competitive stance","TBD - risk profile","TBD - hiring philosophy","TBD - culture","TBD - motivation","TBD - communication","TBD - talent","TBD - meetings","TBD - decisions","TBD - metrics","TBD - focus","TBD - accountability","TBD - principles","TBD - work ethic","TBD - learning","TBD - resilience"
"Richard Branson","Challenge the status quo and have fun while building customer-focused businesses.","Disruptive challenger brand with customer experience focus","Customer pain point innovation; brand extension; strategic partnerships","Disruptive; compete on customer experience and brand personality","Bold, high-profile bets with clear brand alignment","Hire for attitude and personality; culture fit over experience","Fun; entrepreneurial; customer-focused; anti-corporate","Mission impact; autonomy; fun work environment","Direct, personal; publicity stunts; brand storytelling","Empower through autonomy; promote entrepreneurial talent","Informal; note-taking; small teams; minimal bureaucracy","Intuition-led with customer input; brand-driven","Customer satisfaction, brand awareness, employee happiness","Focus on customer experience; prune bureaucracy","Entrepreneurial autonomy; clear ownership","Customer first, fun, disruption, entrepreneurship","Adventurous spirit; high energy; work-life balance","Customer feedback; competitor weaknesses; industry disruption","Face challenges publicly; maintain optimism; pivot quickly"
"Larry Fink","TBD - Larry Fink core ideology","TBD - market positioning","TBD - innovation engine","TBD - competitive stance","TBD - risk profile","TBD - hiring philosophy","TBD - culture","TBD - motivation","TBD - communication","TBD - talent","TBD - meetings","TBD - decisions","TBD - metrics","TBD - focus","TBD - accountability","TBD - principles","TBD - work ethic","TBD - learning","TBD - resilience"
"Lloyd Blankfein","TBD - Lloyd Blankfein core ideology","TBD - market positioning","TBD - innovation engine","TBD - competitive stance","TBD - risk profile","TBD - hiring philosophy","TBD - culture","TBD - motivation","TBD - communication","TBD - talent","TBD - meetings","TBD - decisions","TBD - metrics","TBD - focus","TBD - accountability","TBD - principles","TBD - work ethic","TBD - learning","TBD - resilience"
"David Solomon","TBD - David Solomon core ideology","TBD - market positioning","TBD - innovation engine","TBD - competitive stance","TBD - risk profile","TBD - hiring philosophy","TBD - culture","TBD - motivation","TBD - communication","TBD - talent","TBD - meetings","TBD - decisions","TBD - metrics","TBD - focus","TBD - accountability","TBD - principles","TBD - work ethic","TBD - learning","TBD - resilience"
"Brian Moynihan","TBD - Brian Moynihan core ideology","TBD - market positioning","TBD - innovation engine","TBD - competitive stance","TBD - risk profile","TBD - hiring philosophy","TBD - culture","TBD - motivation","TBD - communication","TBD - talent","TBD - meetings","TBD - decisions","TBD - metrics","TBD - focus","TBD - accountability","TBD - principles","TBD - work ethic","TBD - learning","TBD - resilience"
"Jane Fraser","Transform banking through simplification, digitization, and client-centricity.","Global financial services with institutional strength and consumer reach","Strategic divestitures; digital transformation; focused innovation","Pragmatic; compete on institutional relationships and global network","Disciplined; risk-managed transformation with clear milestones","Hire for excellence, integrity, and global perspective","Performance-driven; collaborative; globally inclusive; client-focused","Purpose-driven transformation; recognition; career development","Direct, transparent; town halls; client engagement; stakeholder updates","Develop through cross-functional exposure; promote diverse talent","Structured reviews; data-driven; inclusive dialogue","Data-informed with clear ownership; risk-aware","Return on tangible common equity, efficiency ratio, client satisfaction","Focus on core businesses; strategic simplification; digital acceleration","Clear metrics; regular reviews; ownership culture","Integrity, excellence, client focus, responsible finance","Disciplined execution; collaborative approach; sustainable pace","Market trends; client feedback; competitive benchmarking","Face challenges directly; maintain transformation focus; adapt strategically"
"Ajay Banga","TBD - Ajay Banga core ideology","TBD - market positioning","TBD - innovation engine","TBD - competitive stance","TBD - risk profile","TBD - hiring philosophy","TBD - culture","TBD - motivation","TBD - communication","TBD - talent","TBD - meetings","TBD - decisions","TBD - metrics","TBD - focus","TBD - accountability","TBD - principles","TBD - work ethic","TBD - learning","TBD - resilience"
"Dara Khosrowshahi","TBD - Dara Khosrowshahi core ideology","TBD - market positioning","TBD - innovation engine","TBD - competitive stance","TBD - risk profile","TBD - hiring philosophy","TBD - culture","TBD - motivation","TBD - communication","TBD - talent","TBD - meetings","TBD - decisions","TBD - metrics","TBD - focus","TBD - accountability","TBD - principles","TBD - work ethic","TBD - learning","TBD - resilience"
"Travis Kalanick","TBD - Travis Kalanick core ideology","TBD - market positioning","TBD - innovation engine","TBD - competitive stance","TBD - risk profile","TBD - hiring philosophy","TBD - culture","TBD - motivation","TBD - communication","TBD - talent","TBD - meetings","TBD - decisions","TBD - metrics","TBD - focus","TBD - accountability","TBD - principles","TBD - work ethic","TBD - learning","TBD - resilience"
"Evan Spiegel","TBD - Evan Spiegel core ideology","TBD - market positioning","TBD - innovation engine","TBD - competitive stance","TBD - risk profile","TBD - hiring philosophy","TBD - culture","TBD - motivation","TBD - communication","TBD - talent","TBD - meetings","TBD - decisions","TBD - metrics","TBD - focus","TBD - accountability","TBD - principles","TBD - work ethic","TBD - learning","TBD - resilience"
"Tim Sweeney","TBD - Tim Sweeney core ideology","TBD - market positioning","TBD - innovation engine","TBD - competitive stance","TBD - risk profile","TBD - hiring philosophy","TBD - culture","TBD - motivation","TBD - communication","TBD - talent","TBD - meetings","TBD - decisions","TBD - metrics","TBD - focus","TBD - accountability","TBD - principles","TBD - work ethic","TBD - learning","TBD - resilience"
"Bobby Kotick","TBD - Bobby Kotick core ideology","TBD - market positioning","TBD - innovation engine","TBD - competitive stance","TBD - risk profile","TBD - hiring philosophy","TBD - culture","TBD - motivation","TBD - communication","TBD - talent","TBD - meetings","TBD - decisions","TBD - metrics","TBD - focus","TBD - accountability","TBD - principles","TBD - work ethic","TBD - learning","TBD - resilience"
"Robin Li","TBD - Robin Li core ideology","TBD - market positioning","TBD - innovation engine","TBD - competitive stance","TBD - risk profile","TBD - hiring philosophy","TBD - culture","TBD - motivation","TBD - communication","TBD - talent","TBD - meetings","TBD - decisions","TBD - metrics","TBD - focus","TBD - accountability","TBD - principles","TBD - work ethic","TBD - learning","TBD - resilience"
"Richard Liu","TBD - Richard Liu core ideology","TBD - market positioning","TBD - innovation engine","TBD - competitive stance","TBD - risk profile","TBD - hiring philosophy","TBD - culture","TBD - motivation","TBD - communication","TBD - talent","TBD - meetings","TBD - decisions","TBD - metrics","TBD - focus","TBD - accountability","TBD - principles","TBD - work ethic","TBD - learning","TBD - resilience"
"Colin Huang","TBD - Colin Huang core ideology","TBD - market positioning","TBD - innovation engine","TBD - competitive stance","TBD - risk profile","TBD - hiring philosophy","TBD - culture","TBD - motivation","TBD - communication","TBD - talent","TBD - meetings","TBD - decisions","TBD - metrics","TBD - focus","TBD - accountability","TBD - principles","TBD - work ethic","TBD - learning","TBD - resilience"
"Nandan Nilekani","TBD - Nandan Nilekani core ideology","TBD - market positioning","TBD - innovation engine","TBD - competitive stance","TBD - risk profile","TBD - hiring philosophy","TBD - culture","TBD - motivation","TBD - communication","TBD - talent","TBD - meetings","TBD - decisions","TBD - metrics","TBD - focus","TBD - accountability","TBD - principles","TBD - work ethic","TBD - learning","TBD - resilience"
"Vijay Shekhar Sharma","TBD - Vijay Shekhar Sharma core ideology","TBD - market positioning","TBD - innovation engine","TBD - competitive stance","TBD - risk profile","TBD - hiring philosophy","TBD - culture","TBD - motivation","TBD - communication","TBD - talent","TBD - meetings","TBD - decisions","TBD - metrics","TBD - focus","TBD - accountability","TBD - principles","TBD - work ethic","TBD - learning","TBD - resilience"
"Deepinder Goyal","TBD - Deepinder Goyal core ideology","TBD - market positioning","TBD - innovation engine","TBD - competitive stance","TBD - risk profile","TBD - hiring philosophy","TBD - culture","TBD - motivation","TBD - communication","TBD - talent","TBD - meetings","TBD - decisions","TBD - metrics","TBD - focus","TBD - accountability","TBD - principles","TBD - work ethic","TBD - learning","TBD - resilience"
"Byju Raveendran","TBD - Byju Raveendran core ideology","TBD - market positioning","TBD - innovation engine","TBD - competitive stance","TBD - risk profile","TBD - hiring philosophy","TBD - culture","TBD - motivation","TBD - communication","TBD - talent","TBD - meetings","TBD - decisions","TBD - metrics","TBD - focus","TBD - accountability","TBD - principles","TBD - work ethic","TBD - learning","TBD - resilience"
"Daniel Lubetzky","TBD - Daniel Lubetzky core ideology","TBD - market positioning","TBD - innovation engine","TBD - competitive stance","TBD - risk profile","TBD - hiring philosophy","TBD - culture","TBD - motivation","TBD - communication","TBD - talent","TBD - meetings","TBD - decisions","TBD - metrics","TBD - focus","TBD - accountability","TBD - principles","TBD - work ethic","TBD - learning","TBD - resilience"
"Masayoshi Son","TBD - Masayoshi Son core ideology","TBD - market positioning","TBD - innovation engine","TBD - competitive stance","TBD - risk profile","TBD - hiring philosophy","TBD - culture","TBD - motivation","TBD - communication","TBD - talent","TBD - meetings","TBD - decisions","TBD - metrics","TBD - focus","TBD - accountability","TBD - principles","TBD - work ethic","TBD - learning","TBD - resilience"
"Alex Karp","TBD - Alex Karp core ideology","TBD - market positioning","TBD - innovation engine","TBD - competitive stance","TBD - risk profile","TBD - hiring philosophy","TBD - culture","TBD - motivation","TBD - communication","TBD - talent","TBD - meetings","TBD - decisions","TBD - metrics","TBD - focus","TBD - accountability","TBD - principles","TBD - work ethic","TBD - learning","TBD - resilience"
"Marc Andreessen","TBD - Marc Andreessen core ideology","TBD - market positioning","TBD - innovation engine","TBD - competitive stance","TBD - risk profile","TBD - hiring philosophy","TBD - culture","TBD - motivation","TBD - communication","TBD - talent","TBD - meetings","TBD - decisions","TBD - metrics","TBD - focus","TBD - accountability","TBD - principles","TBD - work ethic","TBD - learning","TBD - resilience"
"Naval Ravikant","TBD - Naval Ravikant core ideology","TBD - market positioning","TBD - innovation engine","TBD - competitive stance","TBD - risk profile","TBD - hiring philosophy","TBD - culture","TBD - motivation","TBD - communication","TBD - talent","TBD - meetings","TBD - decisions","TBD - metrics","TBD - focus","TBD - accountability","TBD - principles","TBD - work ethic","TBD - learning","TBD - resilience"
"Lou Gerstner","TBD - Lou Gerstner core ideology","TBD - market positioning","TBD - innovation engine","TBD - competitive stance","TBD - risk profile","TBD - hiring philosophy","TBD - culture","TBD - motivation","TBD - communication","TBD - talent","TBD - meetings","TBD - decisions","TBD - metrics","TBD - focus","TBD - accountability","TBD - principles","TBD - work ethic","TBD - learning","TBD - resilience"
"Kevin Systrom","TBD - Kevin Systrom core ideology","TBD - market positioning","TBD - innovation engine","TBD - competitive stance","TBD - risk profile","TBD - hiring philosophy","TBD - culture","TBD - motivation","TBD - communication","TBD - talent","TBD - meetings","TBD - decisions","TBD - metrics","TBD - focus","TBD - accountability","TBD - principles","TBD - work ethic","TBD - learning","TBD - resilience"
"Mike Krieger","TBD - Mike Krieger core ideology","TBD - market positioning","TBD - innovation engine","TBD - competitive stance","TBD - risk profile","TBD - hiring philosophy","TBD - culture","TBD - motivation","TBD - communication","TBD - talent","TBD - meetings","TBD - decisions","TBD - metrics","TBD - focus","TBD - accountability","TBD - principles","TBD - work ethic","TBD - learning","TBD - resilience"
"Jan Koum","TBD - Jan Koum core ideology","TBD - market positioning","TBD - innovation engine","TBD - competitive stance","TBD - risk profile","TBD - hiring philosophy","TBD - culture","TBD - motivation","TBD - communication","TBD - talent","TBD - meetings","TBD - decisions","TBD - metrics","TBD - focus","TBD - accountability","TBD - principles","TBD - work ethic","TBD - learning","TBD - resilience"
"Brian Acton","TBD - Brian Acton core ideology","TBD - market positioning","TBD - innovation engine","TBD - competitive stance","TBD - risk profile","TBD - hiring philosophy","TBD - culture","TBD - motivation","TBD - communication","TBD - talent","TBD - meetings","TBD - decisions","TBD - metrics","TBD - focus","TBD - accountability","TBD - principles","TBD - work ethic","TBD - learning","TBD - resilience"
"Arash Ferdowsi","TBD - Arash Ferdowsi core ideology","TBD - market positioning","TBD - innovation engine","TBD - competitive stance","TBD - risk profile","TBD - hiring philosophy","TBD - culture","TBD - motivation","TBD - communication","TBD - talent","TBD - meetings","TBD - decisions","TBD - metrics","TBD - focus","TBD - accountability","TBD - principles","TBD - work ethic","TBD - learning","TBD - resilience"
"Sridhar Vembu","TBD - Sridhar Vembu core ideology","TBD - market positioning","TBD - innovation engine","TBD - competitive stance","TBD - risk profile","TBD - hiring philosophy","TBD - culture","TBD - motivation","TBD - communication","TBD - talent","TBD - meetings","TBD - decisions","TBD - metrics","TBD - focus","TBD - accountability","TBD - principles","TBD - work ethic","TBD - learning","TBD - resilience"
"Girish Mathrubootham","TBD - Girish Mathrubootham core ideology","TBD - market positioning","TBD - innovation engine","TBD - competitive stance","TBD - risk profile","TBD - hiring philosophy","TBD - culture","TBD - motivation","TBD - communication","TBD - talent","TBD - meetings","TBD - decisions","TBD - metrics","TBD - focus","TBD - accountability","TBD - principles","TBD - work ethic","TBD - learning","TBD - resilience"
"Matthew Prince","TBD - Matthew Prince core ideology","TBD - market positioning","TBD - innovation engine","TBD - competitive stance","TBD - risk profile","TBD - hiring philosophy","TBD - culture","TBD - motivation","TBD - communication","TBD - talent","TBD - meetings","TBD - decisions","TBD - metrics","TBD - focus","TBD - accountability","TBD - principles","TBD - work ethic","TBD - learning","TBD - resilience"
"Michelle Zatlyn","TBD - Michelle Zatlyn core ideology","TBD - market positioning","TBD - innovation engine","TBD - competitive stance","TBD - risk profile","TBD - hiring philosophy","TBD - culture","TBD - motivation","TBD - communication","TBD - talent","TBD - meetings","TBD - decisions","TBD - metrics","TBD - focus","TBD - accountability","TBD - principles","TBD - work ethic","TBD - learning","TBD - resilience"
"George Kurtz","TBD - George Kurtz core ideology","TBD - market positioning","TBD - innovation engine","TBD - competitive stance","TBD - risk profile","TBD - hiring philosophy","TBD - culture","TBD - motivation","TBD - communication","TBD - talent","TBD - meetings","TBD - decisions","TBD - metrics","TBD - focus","TBD - accountability","TBD - principles","TBD - work ethic","TBD - learning","TBD - resilience"
"Jay Chaudhry","TBD - Jay Chaudhry core ideology","TBD - market positioning","TBD - innovation engine","TBD - competitive stance","TBD - risk profile","TBD - hiring philosophy","TBD - culture","TBD - motivation","TBD - communication","TBD - talent","TBD - meetings","TBD - decisions","TBD - metrics","TBD - focus","TBD - accountability","TBD - principles","TBD - work ethic","TBD - learning","TBD - resilience"
"Oliver Pomel","TBD - Oliver Pomel core ideology","TBD - market positioning","TBD - innovation engine","TBD - competitive stance","TBD - risk profile","TBD - hiring philosophy","TBD - culture","TBD - motivation","TBD - communication","TBD - talent","TBD - meetings","TBD - decisions","TBD - metrics","TBD - focus","TBD - accountability","TBD - principles","TBD - work ethic","TBD - learning","TBD - resilience"
"Dylan Field","TBD - Dylan Field core ideology","TBD - market positioning","TBD - innovation engine","TBD - competitive stance","TBD - risk profile","TBD - hiring philosophy","TBD - culture","TBD - motivation","TBD - communication","TBD - talent","TBD - meetings","TBD - decisions","TBD - metrics","TBD - focus","TBD - accountability","TBD - principles","TBD - work ethic","TBD - learning","TBD - resilience"
"Andrew Wilson","TBD - Andrew Wilson core ideology","TBD - market positioning","TBD - innovation engine","TBD - competitive stance","TBD - risk profile","TBD - hiring philosophy","TBD - culture","TBD - motivation","TBD - communication","TBD - talent","TBD - meetings","TBD - decisions","TBD - metrics","TBD - focus","TBD - accountability","TBD - principles","TBD - work ethic","TBD - learning","TBD - resilience"
"Strauss Zelnick","TBD - Strauss Zelnick core ideology","TBD - market positioning","TBD - innovation engine","TBD - competitive stance","TBD - risk profile","TBD - hiring philosophy","TBD - culture","TBD - motivation","TBD - communication","TBD - talent","TBD - meetings","TBD - decisions","TBD - metrics","TBD - focus","TBD - accountability","TBD - principles","TBD - work ethic","TBD - learning","TBD - resilience"
"Gabe Newell","TBD - Gabe Newell core ideology","TBD - market positioning","TBD - innovation engine","TBD - competitive stance","TBD - risk profile","TBD - hiring philosophy","TBD - culture","TBD - motivation","TBD - communication","TBD - talent","TBD - meetings","TBD - decisions","TBD - metrics","TBD - focus","TBD - accountability","TBD - principles","TBD - work ethic","TBD - learning","TBD - resilience"
"Tony Xu","TBD - Tony Xu core ideology","TBD - market positioning","TBD - innovation engine","TBD - competitive stance","TBD - risk profile","TBD - hiring philosophy","TBD - culture","TBD - motivation","TBD - communication","TBD - talent","TBD - meetings","TBD - decisions","TBD - metrics","TBD - focus","TBD - accountability","TBD - principles","TBD - work ethic","TBD - learning","TBD - resilience"
"Matt Maloney","TBD - Matt Maloney core ideology","TBD - market positioning","TBD - innovation engine","TBD - competitive stance","TBD - risk profile","TBD - hiring philosophy","TBD - culture","TBD - motivation","TBD - communication","TBD - talent","TBD - meetings","TBD - decisions","TBD - metrics","TBD - focus","TBD - accountability","TBD - principles","TBD - work ethic","TBD - learning","TBD - resilience"
"Apoorva Mehta","TBD - Apoorva Mehta core ideology","TBD - market positioning","TBD - innovation engine","TBD - competitive stance","TBD - risk profile","TBD - hiring philosophy","TBD - culture","TBD - motivation","TBD - communication","TBD - talent","TBD - meetings","TBD - decisions","TBD - metrics","TBD - focus","TBD - accountability","TBD - principles","TBD - work ethic","TBD - learning","TBD - resilience"
"Fidji Simo","TBD - Fidji Simo core ideology","TBD - market positioning","TBD - innovation engine","TBD - competitive stance","TBD - risk profile","TBD - hiring philosophy","TBD - culture","TBD - motivation","TBD - communication","TBD - talent","TBD - meetings","TBD - decisions","TBD - metrics","TBD - focus","TBD - accountability","TBD - principles","TBD - work ethic","TBD - learning","TBD - resilience"

"Douglas McMillon","Drive everyday low prices through operational excellence and digital transformation.","Mass-market retail with omnichannel integration and global scale","Customer-focused innovation; strategic acquisitions; digital transformation","Aggressive; compete on price, convenience, and assortment","Calculated expansion with clear ROI focus; balanced risk approach","Promote from within; frontline experience valued; servant leadership","Customer-first; frugality; integrity; respect for individuals","Clear advancement paths; stock ownership; shared purpose","Direct, transparent; town halls; store visits; digital engagement","Develop through store experience; promote from within","Regular business reviews; data-driven; inclusive dialogue","Consensus-seeking with clear ownership; customer-focused","Comp sales, inventory turns, e-commerce growth, customer satisfaction","Focus on core retail fundamentals; strategic digital investments","Clear metrics; regular reviews; ownership culture","Integrity, service, excellence, respect for individuals","Hands-on; store visits; customer-focused; sustainable pace","Continuous improvement; competitor analysis; customer feedback","Face challenges directly; adapt quickly; maintain customer focus"
"Andrew Jassy","Obsess over customers and invent on their behalf with a long-term focus.","Cloud services leadership with broad e-commerce ecosystem","Customer-backward innovation; working backwards from customer needs","Relentless; compete on customer experience and operational efficiency","Bold, calculated bets with clear customer value; embrace failure","Bar raisers; hire and develop the best; leadership principles alignment","Customer obsession; ownership; high standards; frugality","Ownership through equity; mission impact; customer focus","Written narratives; data-driven; six-pagers; no PowerPoint","Develop through stretch assignments; promote builders","Start with customer; six-page narratives; no PowerPoint","Data-informed with clear ownership; disagree and commit","Customer satisfaction, innovation velocity, operational excellence","Focus on customer experience; eliminate friction","Single-threaded leadership; clear metrics; ownership","Customer obsession, ownership, innovation, operational excellence","Intense focus; high standards; sustainable pace","Customer feedback; continuous improvement; learn from failures","Embrace setbacks as learning; maintain customer focus; adapt quickly"
"Andrew Witty","TBD - Andrew Witty core ideology","TBD - market positioning","TBD - innovation engine","TBD - competitive stance","TBD - risk profile","TBD - hiring philosophy","TBD - culture","TBD - motivation","TBD - communication","TBD - talent","TBD - meetings","TBD - decisions","TBD - metrics","TBD - focus","TBD - accountability","TBD - principles","TBD - work ethic","TBD - learning","TBD - resilience"
"Timothy Cook","Build operational excellence that scales beloved products sustainably.","Premium devices and services; privacy-led differentiation","Supply chain mastery; incremental improvement; occasional platform shifts","Methodical; compete on reliability, privacy, and integration","Calculated, low downside; protect franchise","Hire for craft and collaboration; humility","Accountability, collaboration, and inclusion","Purpose, quality, and customer trust","Clear, measured communication; internal reviews","Stewardship of top talent; align incentives to long-term","Structured reviews; crisp agendas; cross-functional syncs","Data-informed consensus with a decision owner","Customer satisfaction, reliability, margins, inventory turns","Focus on core platforms; say no to distraction","Ownership through metrics and reviews","Integrity, privacy, stewardship","Disciplined cadence; relentless follow-through","Listen to customers and ops data; learn quietly","Stabilize first, then improve continuously"
"David Joyner","TBD - David Joyner core ideology","TBD - market positioning","TBD - innovation engine","TBD - competitive stance","TBD - risk profile","TBD - hiring philosophy","TBD - culture","TBD - motivation","TBD - communication","TBD - talent","TBD - meetings","TBD - decisions","TBD - metrics","TBD - focus","TBD - accountability","TBD - principles","TBD - work ethic","TBD - learning","TBD - resilience"
"Darren Woods","Drive shareholder value through operational excellence while adapting to energy transition.","Integrated energy leader with global scale and diversification","Technology-driven efficiency; carbon capture; strategic investments","Disciplined; compete on scale, efficiency, and capital allocation","Measured, long-term bets with clear financial returns","Hire for technical excellence and operational discipline","Safety-first; data-driven; engineering excellence; shareholder focus","Clear advancement paths; competitive compensation; stability","Direct, fact-based; investor presentations; operational reviews","Develop technical expertise; promote operational leaders","Structured reviews; data-driven; safety-first","Data-informed with clear financial metrics; disciplined process","Return on capital, operational efficiency, safety metrics","Focus on core competencies; strategic diversification","Regular performance reviews; clear metrics; ownership","Safety, integrity, operational excellence, shareholder value","Methodical execution; disciplined approach; consistent delivery","Industry analysis; technology monitoring; continuous improvement","Face market volatility directly; maintain long-term focus; adapt strategically"
"Brian Tyler","TBD - Brian Tyler core ideology","TBD - market positioning","TBD - innovation engine","TBD - competitive stance","TBD - risk profile","TBD - hiring philosophy","TBD - culture","TBD - motivation","TBD - communication","TBD - talent","TBD - meetings","TBD - decisions","TBD - metrics","TBD - focus","TBD - accountability","TBD - principles","TBD - work ethic","TBD - learning","TBD - resilience"
"Robert Mauch","TBD - Robert Mauch core ideology","TBD - market positioning","TBD - innovation engine","TBD - competitive stance","TBD - risk profile","TBD - hiring philosophy","TBD - culture","TBD - motivation","TBD - communication","TBD - talent","TBD - meetings","TBD - decisions","TBD - metrics","TBD - focus","TBD - accountability","TBD - principles","TBD - work ethic","TBD - learning","TBD - resilience"
"James Dimon","TBD - James Dimon core ideology","TBD - market positioning","TBD - innovation engine","TBD - competitive stance","TBD - risk profile","TBD - hiring philosophy","TBD - culture","TBD - motivation","TBD - communication","TBD - talent","TBD - meetings","TBD - decisions","TBD - metrics","TBD - focus","TBD - accountability","TBD - principles","TBD - work ethic","TBD - learning","TBD - resilience"
"Ron Vachris","TBD - Ron Vachris core ideology","TBD - market positioning","TBD - innovation engine","TBD - competitive stance","TBD - risk profile","TBD - hiring philosophy","TBD - culture","TBD - motivation","TBD - communication","TBD - talent","TBD - meetings","TBD - decisions","TBD - metrics","TBD - focus","TBD - accountability","TBD - principles","TBD - work ethic","TBD - learning","TBD - resilience"
"David Cordani","TBD - David Cordani core ideology","TBD - market positioning","TBD - innovation engine","TBD - competitive stance","TBD - risk profile","TBD - hiring philosophy","TBD - culture","TBD - motivation","TBD - communication","TBD - talent","TBD - meetings","TBD - decisions","TBD - metrics","TBD - focus","TBD - accountability","TBD - principles","TBD - work ethic","TBD - learning","TBD - resilience"
"Jason Hollar","TBD - Jason Hollar core ideology","TBD - market positioning","TBD - innovation engine","TBD - competitive stance","TBD - risk profile","TBD - hiring philosophy","TBD - culture","TBD - motivation","TBD - communication","TBD - talent","TBD - meetings","TBD - decisions","TBD - metrics","TBD - focus","TBD - accountability","TBD - principles","TBD - work ethic","TBD - learning","TBD - resilience"
"Michael Wirth","TBD - Michael Wirth core ideology","TBD - market positioning","TBD - innovation engine","TBD - competitive stance","TBD - risk profile","TBD - hiring philosophy","TBD - culture","TBD - motivation","TBD - communication","TBD - talent","TBD - meetings","TBD - decisions","TBD - metrics","TBD - focus","TBD - accountability","TBD - principles","TBD - work ethic","TBD - learning","TBD - resilience"
"James Farley Jr.","TBD - James Farley Jr. core ideology","TBD - market positioning","TBD - innovation engine","TBD - competitive stance","TBD - risk profile","TBD - hiring philosophy","TBD - culture","TBD - motivation","TBD - communication","TBD - talent","TBD - meetings","TBD - decisions","TBD - metrics","TBD - focus","TBD - accountability","TBD - principles","TBD - work ethic","TBD - learning","TBD - resilience"
"Gail Boudreaux","TBD - Gail Boudreaux core ideology","TBD - market positioning","TBD - innovation engine","TBD - competitive stance","TBD - risk profile","TBD - hiring philosophy","TBD - culture","TBD - motivation","TBD - communication","TBD - talent","TBD - meetings","TBD - decisions","TBD - metrics","TBD - focus","TBD - accountability","TBD - principles","TBD - work ethic","TBD - learning","TBD - resilience"
"Sarah London","TBD - Sarah London core ideology","TBD - market positioning","TBD - innovation engine","TBD - competitive stance","TBD - risk profile","TBD - hiring philosophy","TBD - culture","TBD - motivation","TBD - communication","TBD - talent","TBD - meetings","TBD - decisions","TBD - metrics","TBD - focus","TBD - accountability","TBD - principles","TBD - work ethic","TBD - learning","TBD - resilience"
"Edward Decker","TBD - Edward Decker core ideology","TBD - market positioning","TBD - innovation engine","TBD - competitive stance","TBD - risk profile","TBD - hiring philosophy","TBD - culture","TBD - motivation","TBD - communication","TBD - talent","TBD - meetings","TBD - decisions","TBD - metrics","TBD - focus","TBD - accountability","TBD - principles","TBD - work ethic","TBD - learning","TBD - resilience"
"Priscilla Almodovar","TBD - Priscilla Almodovar core ideology","TBD - market positioning","TBD - innovation engine","TBD - competitive stance","TBD - risk profile","TBD - hiring philosophy","TBD - culture","TBD - motivation","TBD - communication","TBD - talent","TBD - meetings","TBD - decisions","TBD - metrics","TBD - focus","TBD - accountability","TBD - principles","TBD - work ethic","TBD - learning","TBD - resilience"
"Timothy Wentworth","TBD - Timothy Wentworth core ideology","TBD - market positioning","TBD - innovation engine","TBD - competitive stance","TBD - risk profile","TBD - hiring philosophy","TBD - culture","TBD - motivation","TBD - communication","TBD - talent","TBD - meetings","TBD - decisions","TBD - metrics","TBD - focus","TBD - accountability","TBD - principles","TBD - work ethic","TBD - learning","TBD - resilience"
"Ronald Sargent","TBD - Ronald Sargent core ideology","TBD - market positioning","TBD - innovation engine","TBD - competitive stance","TBD - risk profile","TBD - hiring philosophy","TBD - culture","TBD - motivation","TBD - communication","TBD - talent","TBD - meetings","TBD - decisions","TBD - metrics","TBD - focus","TBD - accountability","TBD - principles","TBD - work ethic","TBD - learning","TBD - resilience"
"Mark Lashier","TBD - Mark Lashier core ideology","TBD - market positioning","TBD - innovation engine","TBD - competitive stance","TBD - risk profile","TBD - hiring philosophy","TBD - culture","TBD - motivation","TBD - communication","TBD - talent","TBD - meetings","TBD - decisions","TBD - metrics","TBD - focus","TBD - accountability","TBD - principles","TBD - work ethic","TBD - learning","TBD - resilience"
"Maryann Mannen","TBD - Maryann Mannen core ideology","TBD - market positioning","TBD - innovation engine","TBD - competitive stance","TBD - risk profile","TBD - hiring philosophy","TBD - culture","TBD - motivation","TBD - communication","TBD - talent","TBD - meetings","TBD - decisions","TBD - metrics","TBD - focus","TBD - accountability","TBD - principles","TBD - work ethic","TBD - learning","TBD - resilience"
"Hans Vestberg","TBD - Hans Vestberg core ideology","TBD - market positioning","TBD - innovation engine","TBD - competitive stance","TBD - risk profile","TBD - hiring philosophy","TBD - culture","TBD - motivation","TBD - communication","TBD - talent","TBD - meetings","TBD - decisions","TBD - metrics","TBD - focus","TBD - accountability","TBD - principles","TBD - work ethic","TBD - learning","TBD - resilience"
"Charles Scharf","TBD - Charles Scharf core ideology","TBD - market positioning","TBD - innovation engine","TBD - competitive stance","TBD - risk profile","TBD - hiring philosophy","TBD - culture","TBD - motivation","TBD - communication","TBD - talent","TBD - meetings","TBD - decisions","TBD - metrics","TBD - focus","TBD - accountability","TBD - principles","TBD - work ethic","TBD - learning","TBD - resilience"
"Lane Riggs","TBD - Lane Riggs core ideology","TBD - market positioning","TBD - innovation engine","TBD - competitive stance","TBD - risk profile","TBD - hiring philosophy","TBD - culture","TBD - motivation","TBD - communication","TBD - talent","TBD - meetings","TBD - decisions","TBD - metrics","TBD - focus","TBD - accountability","TBD - principles","TBD - work ethic","TBD - learning","TBD - resilience"
"Brian Roberts","TBD - Brian Roberts core ideology","TBD - market positioning","TBD - innovation engine","TBD - competitive stance","TBD - risk profile","TBD - hiring philosophy","TBD - culture","TBD - motivation","TBD - communication","TBD - talent","TBD - meetings","TBD - decisions","TBD - metrics","TBD - focus","TBD - accountability","TBD - principles","TBD - work ethic","TBD - learning","TBD - resilience"
"Jon Farney","TBD - Jon Farney core ideology","TBD - market positioning","TBD - innovation engine","TBD - competitive stance","TBD - risk profile","TBD - hiring philosophy","TBD - culture","TBD - motivation","TBD - communication","TBD - talent","TBD - meetings","TBD - decisions","TBD - metrics","TBD - focus","TBD - accountability","TBD - principles","TBD - work ethic","TBD - learning","TBD - resilience"
"John Stankey","TBD - John Stankey core ideology","TBD - market positioning","TBD - innovation engine","TBD - competitive stance","TBD - risk profile","TBD - hiring philosophy","TBD - culture","TBD - motivation","TBD - communication","TBD - talent","TBD - meetings","TBD - decisions","TBD - metrics","TBD - focus","TBD - accountability","TBD - principles","TBD - work ethic","TBD - learning","TBD - resilience"
"Michael Hutchins","TBD - Michael Hutchins core ideology","TBD - market positioning","TBD - innovation engine","TBD - competitive stance","TBD - risk profile","TBD - hiring philosophy","TBD - culture","TBD - motivation","TBD - communication","TBD - talent","TBD - meetings","TBD - decisions","TBD - metrics","TBD - focus","TBD - accountability","TBD - principles","TBD - work ethic","TBD - learning","TBD - resilience"
"James Rechtin","TBD - James Rechtin core ideology","TBD - market positioning","TBD - innovation engine","TBD - competitive stance","TBD - risk profile","TBD - hiring philosophy","TBD - culture","TBD - motivation","TBD - communication","TBD - talent","TBD - meetings","TBD - decisions","TBD - metrics","TBD - focus","TBD - accountability","TBD - principles","TBD - work ethic","TBD - learning","TBD - resilience"
"Edward Pick","TBD - Edward Pick core ideology","TBD - market positioning","TBD - innovation engine","TBD - competitive stance","TBD - risk profile","TBD - hiring philosophy","TBD - culture","TBD - motivation","TBD - communication","TBD - talent","TBD - meetings","TBD - decisions","TBD - metrics","TBD - focus","TBD - accountability","TBD - principles","TBD - work ethic","TBD - learning","TBD - resilience"
"Brian Cornell","TBD - Brian Cornell core ideology","TBD - market positioning","TBD - innovation engine","TBD - competitive stance","TBD - risk profile","TBD - hiring philosophy","TBD - culture","TBD - motivation","TBD - communication","TBD - talent","TBD - meetings","TBD - decisions","TBD - metrics","TBD - focus","TBD - accountability","TBD - principles","TBD - work ethic","TBD - learning","TBD - resilience"
"Philip Smith","TBD - Philip Smith core ideology","TBD - market positioning","TBD - innovation engine","TBD - competitive stance","TBD - risk profile","TBD - hiring philosophy","TBD - culture","TBD - motivation","TBD - communication","TBD - talent","TBD - meetings","TBD - decisions","TBD - metrics","TBD - focus","TBD - accountability","TBD - principles","TBD - work ethic","TBD - learning","TBD - resilience"
"Ramon Laguarta","TBD - Ramon Laguarta core ideology","TBD - market positioning","TBD - innovation engine","TBD - competitive stance","TBD - risk profile","TBD - hiring philosophy","TBD - culture","TBD - motivation","TBD - communication","TBD - talent","TBD - meetings","TBD - decisions","TBD - metrics","TBD - focus","TBD - accountability","TBD - principles","TBD - work ethic","TBD - learning","TBD - resilience"
"Robert Iger","TBD - Robert Iger core ideology","TBD - market positioning","TBD - innovation engine","TBD - competitive stance","TBD - risk profile","TBD - hiring philosophy","TBD - culture","TBD - motivation","TBD - communication","TBD - talent","TBD - meetings","TBD - decisions","TBD - metrics","TBD - focus","TBD - accountability","TBD - principles","TBD - work ethic","TBD - learning","TBD - resilience"
"Carol Tomé","TBD - Carol Tomé core ideology","TBD - market positioning","TBD - innovation engine","TBD - competitive stance","TBD - risk profile","TBD - hiring philosophy","TBD - culture","TBD - motivation","TBD - communication","TBD - talent","TBD - meetings","TBD - decisions","TBD - metrics","TBD - focus","TBD - accountability","TBD - principles","TBD - work ethic","TBD - learning","TBD - resilience"
"Joaquin Duato","TBD - Joaquin Duato core ideology","TBD - market positioning","TBD - innovation engine","TBD - competitive stance","TBD - risk profile","TBD - hiring philosophy","TBD - culture","TBD - motivation","TBD - communication","TBD - talent","TBD - meetings","TBD - decisions","TBD - metrics","TBD - focus","TBD - accountability","TBD - principles","TBD - work ethic","TBD - learning","TBD - resilience"
"Rajesh Subramaniam","TBD - Rajesh Subramaniam core ideology","TBD - market positioning","TBD - innovation engine","TBD - competitive stance","TBD - risk profile","TBD - hiring philosophy","TBD - culture","TBD - motivation","TBD - communication","TBD - talent","TBD - meetings","TBD - decisions","TBD - metrics","TBD - focus","TBD - accountability","TBD - principles","TBD - work ethic","TBD - learning","TBD - resilience"
"Juan Luciano","TBD - Juan Luciano core ideology","TBD - market positioning","TBD - innovation engine","TBD - competitive stance","TBD - risk profile","TBD - hiring philosophy","TBD - culture","TBD - motivation","TBD - communication","TBD - talent","TBD - meetings","TBD - decisions","TBD - metrics","TBD - focus","TBD - accountability","TBD - principles","TBD - work ethic","TBD - learning","TBD - resilience"
"Jon Moeller","TBD - Jon Moeller core ideology","TBD - market positioning","TBD - innovation engine","TBD - competitive stance","TBD - risk profile","TBD - hiring philosophy","TBD - culture","TBD - motivation","TBD - communication","TBD - talent","TBD - meetings","TBD - decisions","TBD - metrics","TBD - focus","TBD - accountability","TBD - principles","TBD - work ethic","TBD - learning","TBD - resilience"
"Marvin Ellison","TBD - Marvin Ellison core ideology","TBD - market positioning","TBD - innovation engine","TBD - competitive stance","TBD - risk profile","TBD - hiring philosophy","TBD - culture","TBD - motivation","TBD - communication","TBD - talent","TBD - meetings","TBD - decisions","TBD - metrics","TBD - focus","TBD - accountability","TBD - principles","TBD - work ethic","TBD - learning","TBD - resilience"
"Thomas Long","TBD - Thomas Long core ideology","TBD - market positioning","TBD - innovation engine","TBD - competitive stance","TBD - risk profile","TBD - hiring philosophy","TBD - culture","TBD - motivation","TBD - communication","TBD - talent","TBD - meetings","TBD - decisions","TBD - metrics","TBD - focus","TBD - accountability","TBD - principles","TBD - work ethic","TBD - learning","TBD - resilience"
"Christopher Calio","TBD - Christopher Calio core ideology","TBD - market positioning","TBD - innovation engine","TBD - competitive stance","TBD - risk profile","TBD - hiring philosophy","TBD - culture","TBD - motivation","TBD - communication","TBD - talent","TBD - meetings","TBD - decisions","TBD - metrics","TBD - focus","TBD - accountability","TBD - principles","TBD - work ethic","TBD - learning","TBD - resilience"
"Susan Morris","TBD - Susan Morris core ideology","TBD - market positioning","TBD - innovation engine","TBD - competitive stance","TBD - risk profile","TBD - hiring philosophy","TBD - culture","TBD - motivation","TBD - communication","TBD - talent","TBD - meetings","TBD - decisions","TBD - metrics","TBD - focus","TBD - accountability","TBD - principles","TBD - work ethic","TBD - learning","TBD - resilience"
"Kevin Hourican","TBD - Kevin Hourican core ideology","TBD - market positioning","TBD - innovation engine","TBD - competitive stance","TBD - risk profile","TBD - hiring philosophy","TBD - culture","TBD - motivation","TBD - communication","TBD - talent","TBD - meetings","TBD - decisions","TBD - metrics","TBD - focus","TBD - accountability","TBD - principles","TBD - work ethic","TBD - learning","TBD - resilience"
"Susan Patricia Griffith","TBD - Susan Patricia Griffith core ideology","TBD - market positioning","TBD - innovation engine","TBD - competitive stance","TBD - risk profile","TBD - hiring philosophy","TBD - culture","TBD - motivation","TBD - communication","TBD - talent","TBD - meetings","TBD - decisions","TBD - metrics","TBD - focus","TBD - accountability","TBD - principles","TBD - work ethic","TBD - learning","TBD - resilience"
"Stephen Squeri","TBD - Stephen Squeri core ideology","TBD - market positioning","TBD - innovation engine","TBD - competitive stance","TBD - risk profile","TBD - hiring philosophy","TBD - culture","TBD - motivation","TBD - communication","TBD - talent","TBD - meetings","TBD - decisions","TBD - metrics","TBD - focus","TBD - accountability","TBD - principles","TBD - work ethic","TBD - learning","TBD - resilience"
"James Taiclet","TBD - James Taiclet core ideology","TBD - market positioning","TBD - innovation engine","TBD - competitive stance","TBD - risk profile","TBD - hiring philosophy","TBD - culture","TBD - motivation","TBD - communication","TBD - talent","TBD - meetings","TBD - decisions","TBD - metrics","TBD - focus","TBD - accountability","TBD - principles","TBD - work ethic","TBD - learning","TBD - resilience"
"Michel Khalaf","TBD - Michel Khalaf core ideology","TBD - market positioning","TBD - innovation engine","TBD - competitive stance","TBD - risk profile","TBD - hiring philosophy","TBD - culture","TBD - motivation","TBD - communication","TBD - talent","TBD - meetings","TBD - decisions","TBD - metrics","TBD - focus","TBD - accountability","TBD - principles","TBD - work ethic","TBD - learning","TBD - resilience"
"Samuel Hazen","TBD - Samuel Hazen core ideology","TBD - market positioning","TBD - innovation engine","TBD - competitive stance","TBD - risk profile","TBD - hiring philosophy","TBD - culture","TBD - motivation","TBD - communication","TBD - talent","TBD - meetings","TBD - decisions","TBD - metrics","TBD - focus","TBD - accountability","TBD - principles","TBD - work ethic","TBD - learning","TBD - resilience"
"Andrew Sullivan","TBD - Andrew Sullivan core ideology","TBD - market positioning","TBD - innovation engine","TBD - competitive stance","TBD - risk profile","TBD - hiring philosophy","TBD - culture","TBD - motivation","TBD - communication","TBD - talent","TBD - meetings","TBD - decisions","TBD - metrics","TBD - focus","TBD - accountability","TBD - principles","TBD - work ethic","TBD - learning","TBD - resilience"
"Robert Ortberg","TBD - Robert Ortberg core ideology","TBD - market positioning","TBD - innovation engine","TBD - competitive stance","TBD - risk profile","TBD - hiring philosophy","TBD - culture","TBD - motivation","TBD - communication","TBD - talent","TBD - meetings","TBD - decisions","TBD - metrics","TBD - focus","TBD - accountability","TBD - principles","TBD - work ethic","TBD - learning","TBD - resilience"
"Joseph Creed","TBD - Joseph Creed core ideology","TBD - market positioning","TBD - innovation engine","TBD - competitive stance","TBD - risk profile","TBD - hiring philosophy","TBD - culture","TBD - motivation","TBD - communication","TBD - talent","TBD - meetings","TBD - decisions","TBD - metrics","TBD - focus","TBD - accountability","TBD - principles","TBD - work ethic","TBD - learning","TBD - resilience"
"Robert Davis","TBD - Robert Davis core ideology","TBD - market positioning","TBD - innovation engine","TBD - competitive stance","TBD - risk profile","TBD - hiring philosophy","TBD - culture","TBD - motivation","TBD - communication","TBD - talent","TBD - meetings","TBD - decisions","TBD - metrics","TBD - focus","TBD - accountability","TBD - principles","TBD - work ethic","TBD - learning","TBD - resilience"
"Thomas Wilson","TBD - Thomas Wilson core ideology","TBD - market positioning","TBD - innovation engine","TBD - competitive stance","TBD - risk profile","TBD - hiring philosophy","TBD - culture","TBD - motivation","TBD - communication","TBD - talent","TBD - meetings","TBD - decisions","TBD - metrics","TBD - focus","TBD - accountability","TBD - principles","TBD - work ethic","TBD - learning","TBD - resilience"
"Albert Bourla","TBD - Albert Bourla core ideology","TBD - market positioning","TBD - innovation engine","TBD - competitive stance","TBD - risk profile","TBD - hiring philosophy","TBD - culture","TBD - motivation","TBD - communication","TBD - talent","TBD - meetings","TBD - decisions","TBD - metrics","TBD - focus","TBD - accountability","TBD - principles","TBD - work ethic","TBD - learning","TBD - resilience"
"Craig DeSanto","TBD - Craig DeSanto core ideology","TBD - market positioning","TBD - innovation engine","TBD - competitive stance","TBD - risk profile","TBD - hiring philosophy","TBD - culture","TBD - motivation","TBD - communication","TBD - talent","TBD - meetings","TBD - decisions","TBD - metrics","TBD - focus","TBD - accountability","TBD - principles","TBD - work ethic","TBD - learning","TBD - resilience"
"Edward Bastian","TBD - Edward Bastian core ideology","TBD - market positioning","TBD - innovation engine","TBD - competitive stance","TBD - risk profile","TBD - hiring philosophy","TBD - culture","TBD - motivation","TBD - communication","TBD - talent","TBD - meetings","TBD - decisions","TBD - metrics","TBD - focus","TBD - accountability","TBD - principles","TBD - work ethic","TBD - learning","TBD - resilience"
"Kevin Murphy","TBD - Kevin Murphy core ideology","TBD - market positioning","TBD - innovation engine","TBD - competitive stance","TBD - risk profile","TBD - hiring philosophy","TBD - culture","TBD - motivation","TBD - communication","TBD - talent","TBD - meetings","TBD - decisions","TBD - metrics","TBD - focus","TBD - accountability","TBD - principles","TBD - work ethic","TBD - learning","TBD - resilience"
"Kirt Walker","TBD - Kirt Walker core ideology","TBD - market positioning","TBD - innovation engine","TBD - competitive stance","TBD - risk profile","TBD - hiring philosophy","TBD - culture","TBD - motivation","TBD - communication","TBD - talent","TBD - meetings","TBD - decisions","TBD - metrics","TBD - focus","TBD - accountability","TBD - principles","TBD - work ethic","TBD - learning","TBD - resilience"
"Patrick Zammit","TBD - Patrick Zammit core ideology","TBD - market positioning","TBD - innovation engine","TBD - competitive stance","TBD - risk profile","TBD - hiring philosophy","TBD - culture","TBD - motivation","TBD - communication","TBD - talent","TBD - meetings","TBD - decisions","TBD - metrics","TBD - focus","TBD - accountability","TBD - principles","TBD - work ethic","TBD - learning","TBD - resilience"
"Scott Kirby","TBD - Scott Kirby core ideology","TBD - market positioning","TBD - innovation engine","TBD - competitive stance","TBD - risk profile","TBD - hiring philosophy","TBD - culture","TBD - motivation","TBD - communication","TBD - talent","TBD - meetings","TBD - decisions","TBD - metrics","TBD - focus","TBD - accountability","TBD - principles","TBD - work ethic","TBD - learning","TBD - resilience"
"Ryan Lance","TBD - Ryan Lance core ideology","TBD - market positioning","TBD - innovation engine","TBD - competitive stance","TBD - risk profile","TBD - hiring philosophy","TBD - culture","TBD - motivation","TBD - communication","TBD - talent","TBD - meetings","TBD - decisions","TBD - metrics","TBD - focus","TBD - accountability","TBD - principles","TBD - work ethic","TBD - learning","TBD - resilience"
"Ernie Herrman","TBD - Ernie Herrman core ideology","TBD - market positioning","TBD - innovation engine","TBD - competitive stance","TBD - risk profile","TBD - hiring philosophy","TBD - culture","TBD - motivation","TBD - communication","TBD - talent","TBD - meetings","TBD - decisions","TBD - metrics","TBD - focus","TBD - accountability","TBD - principles","TBD - work ethic","TBD - learning","TBD - resilience"
"Robert Michael","TBD - Robert Michael core ideology","TBD - market positioning","TBD - innovation engine","TBD - competitive stance","TBD - risk profile","TBD - hiring philosophy","TBD - culture","TBD - motivation","TBD - communication","TBD - talent","TBD - meetings","TBD - decisions","TBD - metrics","TBD - focus","TBD - accountability","TBD - principles","TBD - work ethic","TBD - learning","TBD - resilience"
"James Teague","TBD - James Teague core ideology","TBD - market positioning","TBD - innovation engine","TBD - competitive stance","TBD - risk profile","TBD - hiring philosophy","TBD - culture","TBD - motivation","TBD - communication","TBD - talent","TBD - meetings","TBD - decisions","TBD - metrics","TBD - focus","TBD - accountability","TBD - principles","TBD - work ethic","TBD - learning","TBD - resilience"
"Christopher Winfrey","TBD - Christopher Winfrey core ideology","TBD - market positioning","TBD - innovation engine","TBD - competitive stance","TBD - risk profile","TBD - hiring philosophy","TBD - culture","TBD - motivation","TBD - communication","TBD - talent","TBD - meetings","TBD - decisions","TBD - metrics","TBD - focus","TBD - accountability","TBD - principles","TBD - work ethic","TBD - learning","TBD - resilience"
"George Holm","TBD - George Holm core ideology","TBD - market positioning","TBD - innovation engine","TBD - competitive stance","TBD - risk profile","TBD - hiring philosophy","TBD - culture","TBD - motivation","TBD - communication","TBD - talent","TBD - meetings","TBD - decisions","TBD - metrics","TBD - focus","TBD - accountability","TBD - principles","TBD - work ethic","TBD - learning","TBD - resilience"
"Robert Isom","TBD - Robert Isom core ideology","TBD - market positioning","TBD - innovation engine","TBD - competitive stance","TBD - risk profile","TBD - hiring philosophy","TBD - culture","TBD - motivation","TBD - communication","TBD - talent","TBD - meetings","TBD - decisions","TBD - metrics","TBD - focus","TBD - accountability","TBD - principles","TBD - work ethic","TBD - learning","TBD - resilience"
"Richard Fairbank","TBD - Richard Fairbank core ideology","TBD - market positioning","TBD - innovation engine","TBD - competitive stance","TBD - risk profile","TBD - hiring philosophy","TBD - culture","TBD - motivation","TBD - communication","TBD - talent","TBD - meetings","TBD - decisions","TBD - metrics","TBD - focus","TBD - accountability","TBD - principles","TBD - work ethic","TBD - learning","TBD - resilience"
"Charles Robbins","TBD - Charles Robbins core ideology","TBD - market positioning","TBD - innovation engine","TBD - competitive stance","TBD - risk profile","TBD - hiring philosophy","TBD - culture","TBD - motivation","TBD - communication","TBD - talent","TBD - meetings","TBD - decisions","TBD - metrics","TBD - focus","TBD - accountability","TBD - principles","TBD - work ethic","TBD - learning","TBD - resilience"
"Enrique Lores","TBD - Enrique Lores core ideology","TBD - market positioning","TBD - innovation engine","TBD - competitive stance","TBD - risk profile","TBD - hiring philosophy","TBD - culture","TBD - motivation","TBD - communication","TBD - talent","TBD - meetings","TBD - decisions","TBD - metrics","TBD - focus","TBD - accountability","TBD - principles","TBD - work ethic","TBD - learning","TBD - resilience"
"Donnie King","TBD - Donnie King core ideology","TBD - market positioning","TBD - innovation engine","TBD - competitive stance","TBD - risk profile","TBD - hiring philosophy","TBD - culture","TBD - motivation","TBD - communication","TBD - talent","TBD - meetings","TBD - decisions","TBD - metrics","TBD - focus","TBD - accountability","TBD - principles","TBD - work ethic","TBD - learning","TBD - resilience"
"Patrick P. Gelsinger","TBD - Patrick P. Gelsinger core ideology","TBD - market positioning","TBD - innovation engine","TBD - competitive stance","TBD - risk profile","TBD - hiring philosophy","TBD - culture","TBD - motivation","TBD - communication","TBD - talent","TBD - meetings","TBD - decisions","TBD - metrics","TBD - focus","TBD - accountability","TBD - principles","TBD - work ethic","TBD - learning","TBD - resilience"
"Hock Tan","TBD - Hock Tan core ideology","TBD - market positioning","TBD - innovation engine","TBD - competitive stance","TBD - risk profile","TBD - hiring philosophy","TBD - culture","TBD - motivation","TBD - communication","TBD - talent","TBD - meetings","TBD - decisions","TBD - metrics","TBD - focus","TBD - accountability","TBD - principles","TBD - work ethic","TBD - learning","TBD - resilience"
"John May","TBD - John May core ideology","TBD - market positioning","TBD - innovation engine","TBD - competitive stance","TBD - risk profile","TBD - hiring philosophy","TBD - culture","TBD - motivation","TBD - communication","TBD - talent","TBD - meetings","TBD - decisions","TBD - metrics","TBD - focus","TBD - accountability","TBD - principles","TBD - work ethic","TBD - learning","TBD - resilience"
"Elliott Hill","TBD - Elliott Hill core ideology","TBD - market positioning","TBD - innovation engine","TBD - competitive stance","TBD - risk profile","TBD - hiring philosophy","TBD - culture","TBD - motivation","TBD - communication","TBD - talent","TBD - meetings","TBD - decisions","TBD - metrics","TBD - focus","TBD - accountability","TBD - principles","TBD - work ethic","TBD - learning","TBD - resilience"
"Timothy Sweeney","TBD - Timothy Sweeney core ideology","TBD - market positioning","TBD - innovation engine","TBD - competitive stance","TBD - risk profile","TBD - hiring philosophy","TBD - culture","TBD - motivation","TBD - communication","TBD - talent","TBD - meetings","TBD - decisions","TBD - metrics","TBD - focus","TBD - accountability","TBD - principles","TBD - work ethic","TBD - learning","TBD - resilience"
"Wilfred Chiang","TBD - Wilfred Chiang core ideology","TBD - market positioning","TBD - innovation engine","TBD - competitive stance","TBD - risk profile","TBD - hiring philosophy","TBD - culture","TBD - motivation","TBD - communication","TBD - talent","TBD - meetings","TBD - decisions","TBD - metrics","TBD - focus","TBD - accountability","TBD - principles","TBD - work ethic","TBD - learning","TBD - resilience"
"Juan Andrade","TBD - Juan Andrade core ideology","TBD - market positioning","TBD - innovation engine","TBD - competitive stance","TBD - risk profile","TBD - hiring philosophy","TBD - culture","TBD - motivation","TBD - communication","TBD - talent","TBD - meetings","TBD - decisions","TBD - metrics","TBD - focus","TBD - accountability","TBD - principles","TBD - work ethic","TBD - learning","TBD - resilience"
"Christopher Boerner","TBD - Christopher Boerner core ideology","TBD - market positioning","TBD - innovation engine","TBD - competitive stance","TBD - risk profile","TBD - hiring philosophy","TBD - culture","TBD - motivation","TBD - communication","TBD - talent","TBD - meetings","TBD - decisions","TBD - metrics","TBD - focus","TBD - accountability","TBD - principles","TBD - work ethic","TBD - learning","TBD - resilience"
"Paul Bay","TBD - Paul Bay core ideology","TBD - market positioning","TBD - innovation engine","TBD - competitive stance","TBD - risk profile","TBD - hiring philosophy","TBD - culture","TBD - motivation","TBD - communication","TBD - talent","TBD - meetings","TBD - decisions","TBD - metrics","TBD - focus","TBD - accountability","TBD - principles","TBD - work ethic","TBD - learning","TBD - resilience"
"Phebe Novakovic","TBD - Phebe Novakovic core ideology","TBD - market positioning","TBD - innovation engine","TBD - competitive stance","TBD - risk profile","TBD - hiring philosophy","TBD - culture","TBD - motivation","TBD - communication","TBD - talent","TBD - meetings","TBD - decisions","TBD - metrics","TBD - focus","TBD - accountability","TBD - principles","TBD - work ethic","TBD - learning","TBD - resilience"
"James Quincey","TBD - James Quincey core ideology","TBD - market positioning","TBD - innovation engine","TBD - competitive stance","TBD - risk profile","TBD - hiring philosophy","TBD - culture","TBD - motivation","TBD - communication","TBD - talent","TBD - meetings","TBD - decisions","TBD - metrics","TBD - focus","TBD - accountability","TBD - principles","TBD - work ethic","TBD - learning","TBD - resilience"
"Thasunda Brown Duckett","TBD - Thasunda Brown Duckett core ideology","TBD - market positioning","TBD - innovation engine","TBD - competitive stance","TBD - risk profile","TBD - hiring philosophy","TBD - culture","TBD - motivation","TBD - communication","TBD - talent","TBD - meetings","TBD - decisions","TBD - metrics","TBD - focus","TBD - accountability","TBD - principles","TBD - work ethic","TBD - learning","TBD - resilience"
"Alan Schnitzer","TBD - Alan Schnitzer core ideology","TBD - market positioning","TBD - innovation engine","TBD - competitive stance","TBD - risk profile","TBD - hiring philosophy","TBD - culture","TBD - motivation","TBD - communication","TBD - talent","TBD - meetings","TBD - decisions","TBD - metrics","TBD - focus","TBD - accountability","TBD - principles","TBD - work ethic","TBD - learning","TBD - resilience"
"David Ricks","TBD - David Ricks core ideology","TBD - market positioning","TBD - innovation engine","TBD - competitive stance","TBD - risk profile","TBD - hiring philosophy","TBD - culture","TBD - motivation","TBD - communication","TBD - talent","TBD - meetings","TBD - decisions","TBD - metrics","TBD - focus","TBD - accountability","TBD - principles","TBD - work ethic","TBD - learning","TBD - resilience"
"Roger Crandall","TBD - Roger Crandall core ideology","TBD - market positioning","TBD - innovation engine","TBD - competitive stance","TBD - risk profile","TBD - hiring philosophy","TBD - culture","TBD - motivation","TBD - communication","TBD - talent","TBD - meetings","TBD - decisions","TBD - metrics","TBD - focus","TBD - accountability","TBD - principles","TBD - work ethic","TBD - learning","TBD - resilience"
"James Fitterling","TBD - James Fitterling core ideology","TBD - market positioning","TBD - innovation engine","TBD - competitive stance","TBD - risk profile","TBD - hiring philosophy","TBD - culture","TBD - motivation","TBD - communication","TBD - talent","TBD - meetings","TBD - decisions","TBD - metrics","TBD - focus","TBD - accountability","TBD - principles","TBD - work ethic","TBD - learning","TBD - resilience"
"Marc Casper","TBD - Marc Casper core ideology","TBD - market positioning","TBD - innovation engine","TBD - competitive stance","TBD - risk profile","TBD - hiring philosophy","TBD - culture","TBD - motivation","TBD - communication","TBD - talent","TBD - meetings","TBD - decisions","TBD - metrics","TBD - focus","TBD - accountability","TBD - principles","TBD - work ethic","TBD - learning","TBD - resilience"
"Gunjan Kedia","TBD - Gunjan Kedia core ideology","TBD - market positioning","TBD - innovation engine","TBD - competitive stance","TBD - risk profile","TBD - hiring philosophy","TBD - culture","TBD - motivation","TBD - communication","TBD - talent","TBD - meetings","TBD - decisions","TBD - metrics","TBD - focus","TBD - accountability","TBD - principles","TBD - work ethic","TBD - learning","TBD - resilience"
"Michael Kasbar","TBD - Michael Kasbar core ideology","TBD - market positioning","TBD - innovation engine","TBD - competitive stance","TBD - risk profile","TBD - hiring philosophy","TBD - culture","TBD - motivation","TBD - communication","TBD - talent","TBD - meetings","TBD - decisions","TBD - metrics","TBD - focus","TBD - accountability","TBD - principles","TBD - work ethic","TBD - learning","TBD - resilience"
"Robert Ford","TBD - Robert Ford core ideology","TBD - market positioning","TBD - innovation engine","TBD - competitive stance","TBD - risk profile","TBD - hiring philosophy","TBD - culture","TBD - motivation","TBD - communication","TBD - talent","TBD - meetings","TBD - decisions","TBD - metrics","TBD - focus","TBD - accountability","TBD - principles","TBD - work ethic","TBD - learning","TBD - resilience"
"Corie Barry","TBD - Corie Barry core ideology","TBD - market positioning","TBD - innovation engine","TBD - competitive stance","TBD - risk profile","TBD - hiring philosophy","TBD - culture","TBD - motivation","TBD - communication","TBD - talent","TBD - meetings","TBD - decisions","TBD - metrics","TBD - focus","TBD - accountability","TBD - principles","TBD - work ethic","TBD - learning","TBD - resilience"
"Timothy Gerend","TBD - Timothy Gerend core ideology","TBD - market positioning","TBD - innovation engine","TBD - competitive stance","TBD - risk profile","TBD - hiring philosophy","TBD - culture","TBD - motivation","TBD - communication","TBD - talent","TBD - meetings","TBD - decisions","TBD - metrics","TBD - focus","TBD - accountability","TBD - principles","TBD - work ethic","TBD - learning","TBD - resilience"
"Kathy Warden","TBD - Kathy Warden core ideology","TBD - market positioning","TBD - innovation engine","TBD - competitive stance","TBD - risk profile","TBD - hiring philosophy","TBD - culture","TBD - motivation","TBD - communication","TBD - talent","TBD - meetings","TBD - decisions","TBD - metrics","TBD - focus","TBD - accountability","TBD - principles","TBD - work ethic","TBD - learning","TBD - resilience"
"Joseph Zubretsky","TBD - Joseph Zubretsky core ideology","TBD - market positioning","TBD - innovation engine","TBD - competitive stance","TBD - risk profile","TBD - hiring philosophy","TBD - culture","TBD - motivation","TBD - communication","TBD - talent","TBD - meetings","TBD - decisions","TBD - metrics","TBD - focus","TBD - accountability","TBD - principles","TBD - work ethic","TBD - learning","TBD - resilience"
"Todd Vasos","TBD - Todd Vasos core ideology","TBD - market positioning","TBD - innovation engine","TBD - competitive stance","TBD - risk profile","TBD - hiring philosophy","TBD - culture","TBD - motivation","TBD - communication","TBD - talent","TBD - meetings","TBD - decisions","TBD - metrics","TBD - focus","TBD - accountability","TBD - principles","TBD - work ethic","TBD - learning","TBD - resilience"
"Robin Vince","TBD - Robin Vince core ideology","TBD - market positioning","TBD - innovation engine","TBD - competitive stance","TBD - risk profile","TBD - hiring philosophy","TBD - culture","TBD - motivation","TBD - communication","TBD - talent","TBD - meetings","TBD - decisions","TBD - metrics","TBD - focus","TBD - accountability","TBD - principles","TBD - work ethic","TBD - learning","TBD - resilience"
"David Zaslav","TBD - David Zaslav core ideology","TBD - market positioning","TBD - innovation engine","TBD - competitive stance","TBD - risk profile","TBD - hiring philosophy","TBD - culture","TBD - motivation","TBD - communication","TBD - talent","TBD - meetings","TBD - decisions","TBD - metrics","TBD - focus","TBD - accountability","TBD - principles","TBD - work ethic","TBD - learning","TBD - resilience"
"Jay Debertin","TBD - Jay Debertin core ideology","TBD - market positioning","TBD - innovation engine","TBD - competitive stance","TBD - risk profile","TBD - hiring philosophy","TBD - culture","TBD - motivation","TBD - communication","TBD - talent","TBD - meetings","TBD - decisions","TBD - metrics","TBD - focus","TBD - accountability","TBD - principles","TBD - work ethic","TBD - learning","TBD - resilience"
"Cristiano Amon","TBD - Cristiano Amon core ideology","TBD - market positioning","TBD - innovation engine","TBD - competitive stance","TBD - risk profile","TBD - hiring philosophy","TBD - culture","TBD - motivation","TBD - communication","TBD - talent","TBD - meetings","TBD - decisions","TBD - metrics","TBD - focus","TBD - accountability","TBD - principles","TBD - work ethic","TBD - learning","TBD - resilience"
"Lawrence Culp Jr.","TBD - Lawrence Culp Jr. core ideology","TBD - market positioning","TBD - innovation engine","TBD - competitive stance","TBD - risk profile","TBD - hiring philosophy","TBD - culture","TBD - motivation","TBD - communication","TBD - talent","TBD - meetings","TBD - decisions","TBD - metrics","TBD - focus","TBD - accountability","TBD - principles","TBD - work ethic","TBD - learning","TBD - resilience"
"Vimal Kapur","TBD - Vimal Kapur core ideology","TBD - market positioning","TBD - innovation engine","TBD - competitive stance","TBD - risk profile","TBD - hiring philosophy","TBD - culture","TBD - motivation","TBD - communication","TBD - talent","TBD - meetings","TBD - decisions","TBD - metrics","TBD - focus","TBD - accountability","TBD - principles","TBD - work ethic","TBD - learning","TBD - resilience"
"Jacek Olczak","TBD - Jacek Olczak core ideology","TBD - market positioning","TBD - innovation engine","TBD - competitive stance","TBD - risk profile","TBD - hiring philosophy","TBD - culture","TBD - motivation","TBD - communication","TBD - talent","TBD - meetings","TBD - decisions","TBD - metrics","TBD - focus","TBD - accountability","TBD - principles","TBD - work ethic","TBD - learning","TBD - resilience"
"David Flitman","TBD - David Flitman core ideology","TBD - market positioning","TBD - innovation engine","TBD - competitive stance","TBD - risk profile","TBD - hiring philosophy","TBD - culture","TBD - motivation","TBD - communication","TBD - talent","TBD - meetings","TBD - decisions","TBD - metrics","TBD - focus","TBD - accountability","TBD - principles","TBD - work ethic","TBD - learning","TBD - resilience"
"Paul Romanowski","TBD - Paul Romanowski core ideology","TBD - market positioning","TBD - innovation engine","TBD - competitive stance","TBD - risk profile","TBD - hiring philosophy","TBD - culture","TBD - motivation","TBD - communication","TBD - talent","TBD - meetings","TBD - decisions","TBD - metrics","TBD - focus","TBD - accountability","TBD - principles","TBD - work ethic","TBD - learning","TBD - resilience"
"Bryan DeBoer","TBD - Bryan DeBoer core ideology","TBD - market positioning","TBD - innovation engine","TBD - competitive stance","TBD - risk profile","TBD - hiring philosophy","TBD - culture","TBD - motivation","TBD - communication","TBD - talent","TBD - meetings","TBD - decisions","TBD - metrics","TBD - focus","TBD - accountability","TBD - principles","TBD - work ethic","TBD - learning","TBD - resilience"
"Dirk Van de Put","TBD - Dirk Van de Put core ideology","TBD - market positioning","TBD - innovation engine","TBD - competitive stance","TBD - risk profile","TBD - hiring philosophy","TBD - culture","TBD - motivation","TBD - communication","TBD - talent","TBD - meetings","TBD - decisions","TBD - metrics","TBD - focus","TBD - accountability","TBD - principles","TBD - work ethic","TBD - learning","TBD - resilience"
"Brian Niccol","TBD - Brian Niccol core ideology","TBD - market positioning","TBD - innovation engine","TBD - competitive stance","TBD - risk profile","TBD - hiring philosophy","TBD - culture","TBD - motivation","TBD - communication","TBD - talent","TBD - meetings","TBD - decisions","TBD - metrics","TBD - focus","TBD - accountability","TBD - principles","TBD - work ethic","TBD - learning","TBD - resilience"
"Ryan McInerney","TBD - Ryan McInerney core ideology","TBD - market positioning","TBD - innovation engine","TBD - competitive stance","TBD - risk profile","TBD - hiring philosophy","TBD - culture","TBD - motivation","TBD - communication","TBD - talent","TBD - meetings","TBD - decisions","TBD - metrics","TBD - focus","TBD - accountability","TBD - principles","TBD - work ethic","TBD - learning","TBD - resilience"
"Robert Sulentic","TBD - Robert Sulentic core ideology","TBD - market positioning","TBD - innovation engine","TBD - competitive stance","TBD - risk profile","TBD - hiring philosophy","TBD - culture","TBD - motivation","TBD - communication","TBD - talent","TBD - meetings","TBD - decisions","TBD - metrics","TBD - focus","TBD - accountability","TBD - principles","TBD - work ethic","TBD - learning","TBD - resilience"
"Jonathan Jaffe","TBD - Jonathan Jaffe core ideology","TBD - market positioning","TBD - innovation engine","TBD - competitive stance","TBD - risk profile","TBD - hiring philosophy","TBD - culture","TBD - motivation","TBD - communication","TBD - talent","TBD - meetings","TBD - decisions","TBD - metrics","TBD - focus","TBD - accountability","TBD - principles","TBD - work ethic","TBD - learning","TBD - resilience"
"Scott Strazik","TBD - Scott Strazik core ideology","TBD - market positioning","TBD - innovation engine","TBD - competitive stance","TBD - risk profile","TBD - hiring philosophy","TBD - culture","TBD - motivation","TBD - communication","TBD - talent","TBD - meetings","TBD - decisions","TBD - metrics","TBD - focus","TBD - accountability","TBD - principles","TBD - work ethic","TBD - learning","TBD - resilience"
"William Demchak","TBD - William Demchak core ideology","TBD - market positioning","TBD - innovation engine","TBD - competitive stance","TBD - risk profile","TBD - hiring philosophy","TBD - culture","TBD - motivation","TBD - communication","TBD - talent","TBD - meetings","TBD - decisions","TBD - metrics","TBD - focus","TBD - accountability","TBD - principles","TBD - work ethic","TBD - learning","TBD - resilience"
"Jennifer Rumsey","TBD - Jennifer Rumsey core ideology","TBD - market positioning","TBD - innovation engine","TBD - competitive stance","TBD - risk profile","TBD - hiring philosophy","TBD - culture","TBD - motivation","TBD - communication","TBD - talent","TBD - meetings","TBD - decisions","TBD - metrics","TBD - focus","TBD - accountability","TBD - principles","TBD - work ethic","TBD - learning","TBD - resilience"
"Preston Feight","TBD - Preston Feight core ideology","TBD - market positioning","TBD - innovation engine","TBD - competitive stance","TBD - risk profile","TBD - hiring philosophy","TBD - culture","TBD - motivation","TBD - communication","TBD - talent","TBD - meetings","TBD - decisions","TBD - metrics","TBD - focus","TBD - accountability","TBD - principles","TBD - work ethic","TBD - learning","TBD - resilience"
"Robert Bradway","TBD - Robert Bradway core ideology","TBD - market positioning","TBD - innovation engine","TBD - competitive stance","TBD - risk profile","TBD - hiring philosophy","TBD - culture","TBD - motivation","TBD - communication","TBD - talent","TBD - meetings","TBD - decisions","TBD - metrics","TBD - focus","TBD - accountability","TBD - principles","TBD - work ethic","TBD - learning","TBD - resilience"
"Matthew Lucey","TBD - Matthew Lucey core ideology","TBD - market positioning","TBD - innovation engine","TBD - competitive stance","TBD - risk profile","TBD - hiring philosophy","TBD - culture","TBD - motivation","TBD - communication","TBD - talent","TBD - meetings","TBD - decisions","TBD - metrics","TBD - focus","TBD - accountability","TBD - principles","TBD - work ethic","TBD - learning","TBD - resilience"
"Patrick Geraghty","TBD - Patrick Geraghty core ideology","TBD - market positioning","TBD - innovation engine","TBD - competitive stance","TBD - risk profile","TBD - hiring philosophy","TBD - culture","TBD - motivation","TBD - communication","TBD - talent","TBD - meetings","TBD - decisions","TBD - metrics","TBD - focus","TBD - accountability","TBD - principles","TBD - work ethic","TBD - learning","TBD - resilience"
"Alex Chriss","TBD - Alex Chriss core ideology","TBD - market positioning","TBD - innovation engine","TBD - competitive stance","TBD - risk profile","TBD - hiring philosophy","TBD - culture","TBD - motivation","TBD - communication","TBD - talent","TBD - meetings","TBD - decisions","TBD - metrics","TBD - focus","TBD - accountability","TBD - principles","TBD - work ethic","TBD - learning","TBD - resilience"
"Sandy Douglas","TBD - Sandy Douglas core ideology","TBD - market positioning","TBD - innovation engine","TBD - competitive stance","TBD - risk profile","TBD - hiring philosophy","TBD - culture","TBD - motivation","TBD - communication","TBD - talent","TBD - meetings","TBD - decisions","TBD - metrics","TBD - focus","TBD - accountability","TBD - principles","TBD - work ethic","TBD - learning","TBD - resilience"
"Michael Creedon Jr.","TBD - Michael Creedon Jr. core ideology","TBD - market positioning","TBD - innovation engine","TBD - competitive stance","TBD - risk profile","TBD - hiring philosophy","TBD - culture","TBD - motivation","TBD - communication","TBD - talent","TBD - meetings","TBD - decisions","TBD - metrics","TBD - focus","TBD - accountability","TBD - principles","TBD - work ethic","TBD - learning","TBD - resilience"
"Leon Topalian","TBD - Leon Topalian core ideology","TBD - market positioning","TBD - innovation engine","TBD - competitive stance","TBD - risk profile","TBD - hiring philosophy","TBD - culture","TBD - motivation","TBD - communication","TBD - talent","TBD - meetings","TBD - decisions","TBD - metrics","TBD - focus","TBD - accountability","TBD - principles","TBD - work ethic","TBD - learning","TBD - resilience"
"Roger Penske","TBD - Roger Penske core ideology","TBD - market positioning","TBD - innovation engine","TBD - competitive stance","TBD - risk profile","TBD - hiring philosophy","TBD - culture","TBD - motivation","TBD - communication","TBD - talent","TBD - meetings","TBD - decisions","TBD - metrics","TBD - focus","TBD - accountability","TBD - principles","TBD - work ethic","TBD - learning","TBD - resilience"
"Bom Kim","TBD - Bom Kim core ideology","TBD - market positioning","TBD - innovation engine","TBD - competitive stance","TBD - risk profile","TBD - hiring philosophy","TBD - culture","TBD - motivation","TBD - communication","TBD - talent","TBD - meetings","TBD - decisions","TBD - metrics","TBD - focus","TBD - accountability","TBD - principles","TBD - work ethic","TBD - learning","TBD - resilience"
"Antonio Neri","TBD - Antonio Neri core ideology","TBD - market positioning","TBD - innovation engine","TBD - competitive stance","TBD - risk profile","TBD - hiring philosophy","TBD - culture","TBD - motivation","TBD - communication","TBD - talent","TBD - meetings","TBD - decisions","TBD - metrics","TBD - focus","TBD - accountability","TBD - principles","TBD - work ethic","TBD - learning","TBD - resilience"
"Harry Sideris","TBD - Harry Sideris core ideology","TBD - market positioning","TBD - innovation engine","TBD - competitive stance","TBD - risk profile","TBD - hiring philosophy","TBD - culture","TBD - motivation","TBD - communication","TBD - talent","TBD - meetings","TBD - decisions","TBD - metrics","TBD - focus","TBD - accountability","TBD - principles","TBD - work ethic","TBD - learning","TBD - resilience"
"Joseph Bae","TBD - Joseph Bae core ideology","TBD - market positioning","TBD - innovation engine","TBD - competitive stance","TBD - risk profile","TBD - hiring philosophy","TBD - culture","TBD - motivation","TBD - communication","TBD - talent","TBD - meetings","TBD - decisions","TBD - metrics","TBD - focus","TBD - accountability","TBD - principles","TBD - work ethic","TBD - learning","TBD - resilience"
"Kevin Murphy","TBD - Kevin Murphy core ideology","TBD - market positioning","TBD - innovation engine","TBD - competitive stance","TBD - risk profile","TBD - hiring philosophy","TBD - culture","TBD - motivation","TBD - communication","TBD - talent","TBD - meetings","TBD - decisions","TBD - metrics","TBD - focus","TBD - accountability","TBD - principles","TBD - work ethic","TBD - learning","TBD - resilience"
"Brian Robbins","TBD - Brian Robbins core ideology","TBD - market positioning","TBD - innovation engine","TBD - competitive stance","TBD - risk profile","TBD - hiring philosophy","TBD - culture","TBD - motivation","TBD - communication","TBD - talent","TBD - meetings","TBD - decisions","TBD - metrics","TBD - focus","TBD - accountability","TBD - principles","TBD - work ethic","TBD - learning","TBD - resilience"
"Michael Dastoor","TBD - Michael Dastoor core ideology","TBD - market positioning","TBD - innovation engine","TBD - competitive stance","TBD - risk profile","TBD - hiring philosophy","TBD - culture","TBD - motivation","TBD - communication","TBD - talent","TBD - meetings","TBD - decisions","TBD - metrics","TBD - focus","TBD - accountability","TBD - principles","TBD - work ethic","TBD - learning","TBD - resilience"
"Daniel O'Day","TBD - Daniel O'Day core ideology","TBD - market positioning","TBD - innovation engine","TBD - competitive stance","TBD - risk profile","TBD - hiring philosophy","TBD - culture","TBD - motivation","TBD - communication","TBD - talent","TBD - meetings","TBD - decisions","TBD - metrics","TBD - focus","TBD - accountability","TBD - principles","TBD - work ethic","TBD - learning","TBD - resilience"
"Tim Go","TBD - Tim Go core ideology","TBD - market positioning","TBD - innovation engine","TBD - competitive stance","TBD - risk profile","TBD - hiring philosophy","TBD - culture","TBD - motivation","TBD - communication","TBD - talent","TBD - meetings","TBD - decisions","TBD - metrics","TBD - focus","TBD - accountability","TBD - principles","TBD - work ethic","TBD - learning","TBD - resilience"
"William Nash","TBD - William Nash core ideology","TBD - market positioning","TBD - innovation engine","TBD - competitive stance","TBD - risk profile","TBD - hiring philosophy","TBD - culture","TBD - motivation","TBD - communication","TBD - talent","TBD - meetings","TBD - decisions","TBD - metrics","TBD - focus","TBD - accountability","TBD - principles","TBD - work ethic","TBD - learning","TBD - resilience"
"Michael Miebach","TBD - Michael Miebach core ideology","TBD - market positioning","TBD - innovation engine","TBD - competitive stance","TBD - risk profile","TBD - hiring philosophy","TBD - culture","TBD - motivation","TBD - communication","TBD - talent","TBD - meetings","TBD - decisions","TBD - metrics","TBD - focus","TBD - accountability","TBD - principles","TBD - work ethic","TBD - learning","TBD - resilience"
"Lawrence Coben","TBD - Lawrence Coben core ideology","TBD - market positioning","TBD - innovation engine","TBD - competitive stance","TBD - risk profile","TBD - hiring philosophy","TBD - culture","TBD - motivation","TBD - communication","TBD - talent","TBD - meetings","TBD - decisions","TBD - metrics","TBD - focus","TBD - accountability","TBD - principles","TBD - work ethic","TBD - learning","TBD - resilience"
"Sean Kerins","TBD - Sean Kerins core ideology","TBD - market positioning","TBD - innovation engine","TBD - competitive stance","TBD - risk profile","TBD - hiring philosophy","TBD - culture","TBD - motivation","TBD - communication","TBD - talent","TBD - meetings","TBD - decisions","TBD - metrics","TBD - focus","TBD - accountability","TBD - principles","TBD - work ethic","TBD - learning","TBD - resilience"
"Lorenzo Simonelli","TBD - Lorenzo Simonelli core ideology","TBD - market positioning","TBD - innovation engine","TBD - competitive stance","TBD - risk profile","TBD - hiring philosophy","TBD - culture","TBD - motivation","TBD - communication","TBD - talent","TBD - meetings","TBD - decisions","TBD - metrics","TBD - focus","TBD - accountability","TBD - principles","TBD - work ethic","TBD - learning","TBD - resilience"
"Robert Jordan","TBD - Robert Jordan core ideology","TBD - market positioning","TBD - innovation engine","TBD - competitive stance","TBD - risk profile","TBD - hiring philosophy","TBD - culture","TBD - motivation","TBD - communication","TBD - talent","TBD - meetings","TBD - decisions","TBD - metrics","TBD - focus","TBD - accountability","TBD - principles","TBD - work ethic","TBD - learning","TBD - resilience"
"Peter Zaffino","TBD - Peter Zaffino core ideology","TBD - market positioning","TBD - innovation engine","TBD - competitive stance","TBD - risk profile","TBD - hiring philosophy","TBD - culture","TBD - motivation","TBD - communication","TBD - talent","TBD - meetings","TBD - decisions","TBD - metrics","TBD - focus","TBD - accountability","TBD - principles","TBD - work ethic","TBD - learning","TBD - resilience"
"Gary Dickerson","TBD - Gary Dickerson core ideology","TBD - market positioning","TBD - innovation engine","TBD - competitive stance","TBD - risk profile","TBD - hiring philosophy","TBD - culture","TBD - motivation","TBD - communication","TBD - talent","TBD - meetings","TBD - decisions","TBD - metrics","TBD - focus","TBD - accountability","TBD - principles","TBD - work ethic","TBD - learning","TBD - resilience"
"Vicki Hollub","TBD - Vicki Hollub core ideology","TBD - market positioning","TBD - innovation engine","TBD - competitive stance","TBD - risk profile","TBD - hiring philosophy","TBD - culture","TBD - motivation","TBD - communication","TBD - talent","TBD - meetings","TBD - decisions","TBD - metrics","TBD - focus","TBD - accountability","TBD - principles","TBD - work ethic","TBD - learning","TBD - resilience"
"Michael Manley","TBD - Michael Manley core ideology","TBD - market positioning","TBD - innovation engine","TBD - competitive stance","TBD - risk profile","TBD - hiring philosophy","TBD - culture","TBD - motivation","TBD - communication","TBD - talent","TBD - meetings","TBD - decisions","TBD - metrics","TBD - focus","TBD - accountability","TBD - principles","TBD - work ethic","TBD - learning","TBD - resilience"
"Christopher Womack","TBD - Christopher Womack core ideology","TBD - market positioning","TBD - innovation engine","TBD - competitive stance","TBD - risk profile","TBD - hiring philosophy","TBD - culture","TBD - motivation","TBD - communication","TBD - talent","TBD - meetings","TBD - decisions","TBD - metrics","TBD - focus","TBD - accountability","TBD - principles","TBD - work ethic","TBD - learning","TBD - resilience"
"Christopher Swift","TBD - Christopher Swift core ideology","TBD - market positioning","TBD - innovation engine","TBD - competitive stance","TBD - risk profile","TBD - hiring philosophy","TBD - culture","TBD - motivation","TBD - communication","TBD - talent","TBD - meetings","TBD - decisions","TBD - metrics","TBD - focus","TBD - accountability","TBD - principles","TBD - work ethic","TBD - learning","TBD - resilience"
"Marc Rowan","TBD - Marc Rowan core ideology","TBD - market positioning","TBD - innovation engine","TBD - competitive stance","TBD - risk profile","TBD - hiring philosophy","TBD - culture","TBD - motivation","TBD - communication","TBD - talent","TBD - meetings","TBD - decisions","TBD - metrics","TBD - focus","TBD - accountability","TBD - principles","TBD - work ethic","TBD - learning","TBD - resilience"
"Richard Wurster","TBD - Richard Wurster core ideology","TBD - market positioning","TBD - innovation engine","TBD - competitive stance","TBD - risk profile","TBD - hiring philosophy","TBD - culture","TBD - motivation","TBD - communication","TBD - talent","TBD - meetings","TBD - decisions","TBD - metrics","TBD - focus","TBD - accountability","TBD - principles","TBD - work ethic","TBD - learning","TBD - resilience"
"Christopher Kempczinski","TBD - Christopher Kempczinski core ideology","TBD - market positioning","TBD - innovation engine","TBD - competitive stance","TBD - risk profile","TBD - hiring philosophy","TBD - culture","TBD - motivation","TBD - communication","TBD - talent","TBD - meetings","TBD - decisions","TBD - metrics","TBD - focus","TBD - accountability","TBD - principles","TBD - work ethic","TBD - learning","TBD - resilience"
"Carlos Abrams-Rivera","TBD - Carlos Abrams-Rivera core ideology","TBD - market positioning","TBD - innovation engine","TBD - competitive stance","TBD - risk profile","TBD - hiring philosophy","TBD - culture","TBD - motivation","TBD - communication","TBD - talent","TBD - meetings","TBD - decisions","TBD - metrics","TBD - focus","TBD - accountability","TBD - principles","TBD - work ethic","TBD - learning","TBD - resilience"
"William Rogers Jr.","TBD - William Rogers Jr. core ideology","TBD - market positioning","TBD - innovation engine","TBD - competitive stance","TBD - risk profile","TBD - hiring philosophy","TBD - culture","TBD - motivation","TBD - communication","TBD - talent","TBD - meetings","TBD - decisions","TBD - metrics","TBD - focus","TBD - accountability","TBD - principles","TBD - work ethic","TBD - learning","TBD - resilience"
"Kathleen Quirk","TBD - Kathleen Quirk core ideology","TBD - market positioning","TBD - innovation engine","TBD - competitive stance","TBD - risk profile","TBD - hiring philosophy","TBD - culture","TBD - motivation","TBD - communication","TBD - talent","TBD - meetings","TBD - decisions","TBD - metrics","TBD - focus","TBD - accountability","TBD - principles","TBD - work ethic","TBD - learning","TBD - resilience"
"Sanjay Mehrotra","TBD - Sanjay Mehrotra core ideology","TBD - market positioning","TBD - innovation engine","TBD - competitive stance","TBD - risk profile","TBD - hiring philosophy","TBD - culture","TBD - motivation","TBD - communication","TBD - talent","TBD - meetings","TBD - decisions","TBD - metrics","TBD - focus","TBD - accountability","TBD - principles","TBD - work ethic","TBD - learning","TBD - resilience"
"Anthony Capuano","TBD - Anthony Capuano core ideology","TBD - market positioning","TBD - innovation engine","TBD - competitive stance","TBD - risk profile","TBD - hiring philosophy","TBD - culture","TBD - motivation","TBD - communication","TBD - talent","TBD - meetings","TBD - decisions","TBD - metrics","TBD - focus","TBD - accountability","TBD - principles","TBD - work ethic","TBD - learning","TBD - resilience"
"David Gitlin","TBD - David Gitlin core ideology","TBD - market positioning","TBD - innovation engine","TBD - competitive stance","TBD - risk profile","TBD - hiring philosophy","TBD - culture","TBD - motivation","TBD - communication","TBD - talent","TBD - meetings","TBD - decisions","TBD - metrics","TBD - focus","TBD - accountability","TBD - principles","TBD - work ethic","TBD - learning","TBD - resilience"
"John Ketchum","TBD - John Ketchum core ideology","TBD - market positioning","TBD - innovation engine","TBD - competitive stance","TBD - risk profile","TBD - hiring philosophy","TBD - culture","TBD - motivation","TBD - communication","TBD - talent","TBD - meetings","TBD - decisions","TBD - metrics","TBD - focus","TBD - accountability","TBD - principles","TBD - work ethic","TBD - learning","TBD - resilience"
"William Brown","TBD - William Brown core ideology","TBD - market positioning","TBD - innovation engine","TBD - competitive stance","TBD - risk profile","TBD - hiring philosophy","TBD - culture","TBD - motivation","TBD - communication","TBD - talent","TBD - meetings","TBD - decisions","TBD - metrics","TBD - focus","TBD - accountability","TBD - principles","TBD - work ethic","TBD - learning","TBD - resilience"
"John Doyle","TBD - John Doyle core ideology","TBD - market positioning","TBD - innovation engine","TBD - competitive stance","TBD - risk profile","TBD - hiring philosophy","TBD - culture","TBD - motivation","TBD - communication","TBD - talent","TBD - meetings","TBD - decisions","TBD - metrics","TBD - focus","TBD - accountability","TBD - principles","TBD - work ethic","TBD - learning","TBD - resilience"
"Patricia Poppe","TBD - Patricia Poppe core ideology","TBD - market positioning","TBD - innovation engine","TBD - competitive stance","TBD - risk profile","TBD - hiring philosophy","TBD - culture","TBD - motivation","TBD - communication","TBD - talent","TBD - meetings","TBD - decisions","TBD - metrics","TBD - focus","TBD - accountability","TBD - principles","TBD - work ethic","TBD - learning","TBD - resilience"
"Jim Vena","TBD - Jim Vena core ideology","TBD - market positioning","TBD - innovation engine","TBD - competitive stance","TBD - risk profile","TBD - hiring philosophy","TBD - culture","TBD - motivation","TBD - communication","TBD - talent","TBD - meetings","TBD - decisions","TBD - metrics","TBD - focus","TBD - accountability","TBD - principles","TBD - work ethic","TBD - learning","TBD - resilience"
"Brian Doubles","TBD - Brian Doubles core ideology","TBD - market positioning","TBD - innovation engine","TBD - competitive stance","TBD - risk profile","TBD - hiring philosophy","TBD - culture","TBD - motivation","TBD - communication","TBD - talent","TBD - meetings","TBD - decisions","TBD - metrics","TBD - focus","TBD - accountability","TBD - principles","TBD - work ethic","TBD - learning","TBD - resilience"
"Jack Dorsey","TBD - Jack Dorsey core ideology","TBD - market positioning","TBD - innovation engine","TBD - competitive stance","TBD - risk profile","TBD - hiring philosophy","TBD - culture","TBD - motivation","TBD - communication","TBD - talent","TBD - meetings","TBD - decisions","TBD - metrics","TBD - focus","TBD - accountability","TBD - principles","TBD - work ethic","TBD - learning","TBD - resilience"
"Rainer Blair","TBD - Rainer Blair core ideology","TBD - market positioning","TBD - innovation engine","TBD - competitive stance","TBD - risk profile","TBD - hiring philosophy","TBD - culture","TBD - motivation","TBD - communication","TBD - talent","TBD - meetings","TBD - decisions","TBD - metrics","TBD - focus","TBD - accountability","TBD - principles","TBD - work ethic","TBD - learning","TBD - resilience"
"Philip Gallagher","TBD - Philip Gallagher core ideology","TBD - market positioning","TBD - innovation engine","TBD - competitive stance","TBD - risk profile","TBD - hiring philosophy","TBD - culture","TBD - motivation","TBD - communication","TBD - talent","TBD - meetings","TBD - decisions","TBD - metrics","TBD - focus","TBD - accountability","TBD - principles","TBD - work ethic","TBD - learning","TBD - resilience"
"Glenn Fogel","TBD - Glenn Fogel core ideology","TBD - market positioning","TBD - innovation engine","TBD - competitive stance","TBD - risk profile","TBD - hiring philosophy","TBD - culture","TBD - motivation","TBD - communication","TBD - talent","TBD - meetings","TBD - decisions","TBD - metrics","TBD - focus","TBD - accountability","TBD - principles","TBD - work ethic","TBD - learning","TBD - resilience"
"Ezra Yacob","TBD - Ezra Yacob core ideology","TBD - market positioning","TBD - innovation engine","TBD - competitive stance","TBD - risk profile","TBD - hiring philosophy","TBD - culture","TBD - motivation","TBD - communication","TBD - talent","TBD - meetings","TBD - decisions","TBD - metrics","TBD - focus","TBD - accountability","TBD - principles","TBD - work ethic","TBD - learning","TBD - resilience"
"Earl Austin Jr.","TBD - Earl Austin Jr. core ideology","TBD - market positioning","TBD - innovation engine","TBD - competitive stance","TBD - risk profile","TBD - hiring philosophy","TBD - culture","TBD - motivation","TBD - communication","TBD - talent","TBD - meetings","TBD - decisions","TBD - metrics","TBD - focus","TBD - accountability","TBD - principles","TBD - work ethic","TBD - learning","TBD - resilience"
"Michael Shepherd","TBD - Michael Shepherd core ideology","TBD - market positioning","TBD - innovation engine","TBD - competitive stance","TBD - risk profile","TBD - hiring philosophy","TBD - culture","TBD - motivation","TBD - communication","TBD - talent","TBD - meetings","TBD - decisions","TBD - metrics","TBD - focus","TBD - accountability","TBD - principles","TBD - work ethic","TBD - learning","TBD - resilience"
"Joseph Dominguez","TBD - Joseph Dominguez core ideology","TBD - market positioning","TBD - innovation engine","TBD - competitive stance","TBD - risk profile","TBD - hiring philosophy","TBD - culture","TBD - motivation","TBD - communication","TBD - talent","TBD - meetings","TBD - decisions","TBD - metrics","TBD - focus","TBD - accountability","TBD - principles","TBD - work ethic","TBD - learning","TBD - resilience"
"William Stengel II","TBD - William Stengel II core ideology","TBD - market positioning","TBD - innovation engine","TBD - competitive stance","TBD - risk profile","TBD - hiring philosophy","TBD - culture","TBD - motivation","TBD - communication","TBD - talent","TBD - meetings","TBD - decisions","TBD - metrics","TBD - focus","TBD - accountability","TBD - principles","TBD - work ethic","TBD - learning","TBD - resilience"
"Christian Ulbrich","TBD - Christian Ulbrich core ideology","TBD - market positioning","TBD - innovation engine","TBD - competitive stance","TBD - risk profile","TBD - hiring philosophy","TBD - culture","TBD - motivation","TBD - communication","TBD - talent","TBD - meetings","TBD - decisions","TBD - metrics","TBD - focus","TBD - accountability","TBD - principles","TBD - work ethic","TBD - learning","TBD - resilience"
"Raymond Scott","TBD - Raymond Scott core ideology","TBD - market positioning","TBD - innovation engine","TBD - competitive stance","TBD - risk profile","TBD - hiring philosophy","TBD - culture","TBD - motivation","TBD - communication","TBD - talent","TBD - meetings","TBD - decisions","TBD - metrics","TBD - focus","TBD - accountability","TBD - principles","TBD - work ethic","TBD - learning","TBD - resilience"
"Michael Rapino","TBD - Michael Rapino core ideology","TBD - market positioning","TBD - innovation engine","TBD - competitive stance","TBD - risk profile","TBD - hiring philosophy","TBD - culture","TBD - motivation","TBD - communication","TBD - talent","TBD - meetings","TBD - decisions","TBD - metrics","TBD - focus","TBD - accountability","TBD - principles","TBD - work ethic","TBD - learning","TBD - resilience"
"Heidi Petz","TBD - Heidi Petz core ideology","TBD - market positioning","TBD - innovation engine","TBD - competitive stance","TBD - risk profile","TBD - hiring philosophy","TBD - culture","TBD - motivation","TBD - communication","TBD - talent","TBD - meetings","TBD - decisions","TBD - metrics","TBD - focus","TBD - accountability","TBD - principles","TBD - work ethic","TBD - learning","TBD - resilience"
"Calvin Butler Jr.","TBD - Calvin Butler Jr. core ideology","TBD - market positioning","TBD - innovation engine","TBD - competitive stance","TBD - risk profile","TBD - hiring philosophy","TBD - culture","TBD - motivation","TBD - communication","TBD - talent","TBD - meetings","TBD - decisions","TBD - metrics","TBD - focus","TBD - accountability","TBD - principles","TBD - work ethic","TBD - learning","TBD - resilience"
"Tony Spring","TBD - Tony Spring core ideology","TBD - market positioning","TBD - innovation engine","TBD - competitive stance","TBD - risk profile","TBD - hiring philosophy","TBD - culture","TBD - motivation","TBD - communication","TBD - talent","TBD - meetings","TBD - decisions","TBD - metrics","TBD - focus","TBD - accountability","TBD - principles","TBD - work ethic","TBD - learning","TBD - resilience"
"Jeffrey Miller","TBD - Jeffrey Miller core ideology","TBD - market positioning","TBD - innovation engine","TBD - competitive stance","TBD - risk profile","TBD - hiring philosophy","TBD - culture","TBD - motivation","TBD - communication","TBD - talent","TBD - meetings","TBD - decisions","TBD - metrics","TBD - focus","TBD - accountability","TBD - principles","TBD - work ethic","TBD - learning","TBD - resilience"
"Kevin Lobo","TBD - Kevin Lobo core ideology","TBD - market positioning","TBD - innovation engine","TBD - competitive stance","TBD - risk profile","TBD - hiring philosophy","TBD - culture","TBD - motivation","TBD - communication","TBD - talent","TBD - meetings","TBD - decisions","TBD - metrics","TBD - focus","TBD - accountability","TBD - principles","TBD - work ethic","TBD - learning","TBD - resilience"
"Tony Cheng","TBD - Tony Cheng core ideology","TBD - market positioning","TBD - innovation engine","TBD - competitive stance","TBD - risk profile","TBD - hiring philosophy","TBD - culture","TBD - motivation","TBD - communication","TBD - talent","TBD - meetings","TBD - decisions","TBD - metrics","TBD - focus","TBD - accountability","TBD - principles","TBD - work ethic","TBD - learning","TBD - resilience"
"James Fish Jr.","TBD - James Fish Jr. core ideology","TBD - market positioning","TBD - innovation engine","TBD - competitive stance","TBD - risk profile","TBD - hiring philosophy","TBD - culture","TBD - motivation","TBD - communication","TBD - talent","TBD - meetings","TBD - decisions","TBD - metrics","TBD - focus","TBD - accountability","TBD - principles","TBD - work ethic","TBD - learning","TBD - resilience"
"Ronald O'Hanley","TBD - Ronald O'Hanley core ideology","TBD - market positioning","TBD - innovation engine","TBD - competitive stance","TBD - risk profile","TBD - hiring philosophy","TBD - culture","TBD - motivation","TBD - communication","TBD - talent","TBD - meetings","TBD - decisions","TBD - metrics","TBD - focus","TBD - accountability","TBD - principles","TBD - work ethic","TBD - learning","TBD - resilience"
"John Engel","TBD - John Engel core ideology","TBD - market positioning","TBD - innovation engine","TBD - competitive stance","TBD - risk profile","TBD - hiring philosophy","TBD - culture","TBD - motivation","TBD - communication","TBD - talent","TBD - meetings","TBD - decisions","TBD - metrics","TBD - focus","TBD - accountability","TBD - principles","TBD - work ethic","TBD - learning","TBD - resilience"
"Pierce Norton II","TBD - Pierce Norton II core ideology","TBD - market positioning","TBD - innovation engine","TBD - competitive stance","TBD - risk profile","TBD - hiring philosophy","TBD - culture","TBD - motivation","TBD - communication","TBD - talent","TBD - meetings","TBD - decisions","TBD - metrics","TBD - focus","TBD - accountability","TBD - principles","TBD - work ethic","TBD - learning","TBD - resilience"
"Shantanu Narayen","TBD - Shantanu Narayen core ideology","TBD - market positioning","TBD - innovation engine","TBD - competitive stance","TBD - risk profile","TBD - hiring philosophy","TBD - culture","TBD - motivation","TBD - communication","TBD - talent","TBD - meetings","TBD - decisions","TBD - metrics","TBD - focus","TBD - accountability","TBD - principles","TBD - work ethic","TBD - learning","TBD - resilience"
"William Westrate","TBD - William Westrate core ideology","TBD - market positioning","TBD - innovation engine","TBD - competitive stance","TBD - risk profile","TBD - hiring philosophy","TBD - culture","TBD - motivation","TBD - communication","TBD - talent","TBD - meetings","TBD - decisions","TBD - metrics","TBD - focus","TBD - accountability","TBD - principles","TBD - work ethic","TBD - learning","TBD - resilience"
"Christopher Kubasik","TBD - Christopher Kubasik core ideology","TBD - market positioning","TBD - innovation engine","TBD - competitive stance","TBD - risk profile","TBD - hiring philosophy","TBD - culture","TBD - motivation","TBD - communication","TBD - talent","TBD - meetings","TBD - decisions","TBD - metrics","TBD - focus","TBD - accountability","TBD - principles","TBD - work ethic","TBD - learning","TBD - resilience"
"James Conroy","TBD - James Conroy core ideology","TBD - market positioning","TBD - innovation engine","TBD - competitive stance","TBD - risk profile","TBD - hiring philosophy","TBD - culture","TBD - motivation","TBD - communication","TBD - talent","TBD - meetings","TBD - decisions","TBD - metrics","TBD - focus","TBD - accountability","TBD - principles","TBD - work ethic","TBD - learning","TBD - resilience"
"Christine Leahy","TBD - Christine Leahy core ideology","TBD - market positioning","TBD - innovation engine","TBD - competitive stance","TBD - risk profile","TBD - hiring philosophy","TBD - culture","TBD - motivation","TBD - communication","TBD - talent","TBD - meetings","TBD - decisions","TBD - metrics","TBD - focus","TBD - accountability","TBD - principles","TBD - work ethic","TBD - learning","TBD - resilience"
"Saumya Sutaria","TBD - Saumya Sutaria core ideology","TBD - market positioning","TBD - innovation engine","TBD - competitive stance","TBD - risk profile","TBD - hiring philosophy","TBD - culture","TBD - motivation","TBD - communication","TBD - talent","TBD - meetings","TBD - decisions","TBD - metrics","TBD - focus","TBD - accountability","TBD - principles","TBD - work ethic","TBD - learning","TBD - resilience"
"Robert Eddy","TBD - Robert Eddy core ideology","TBD - market positioning","TBD - innovation engine","TBD - competitive stance","TBD - risk profile","TBD - hiring philosophy","TBD - culture","TBD - motivation","TBD - communication","TBD - talent","TBD - meetings","TBD - decisions","TBD - metrics","TBD - focus","TBD - accountability","TBD - principles","TBD - work ethic","TBD - learning","TBD - resilience"
"Michael Lyons","TBD - Michael Lyons core ideology","TBD - market positioning","TBD - innovation engine","TBD - competitive stance","TBD - risk profile","TBD - hiring philosophy","TBD - culture","TBD - motivation","TBD - communication","TBD - talent","TBD - meetings","TBD - decisions","TBD - metrics","TBD - focus","TBD - accountability","TBD - principles","TBD - work ethic","TBD - learning","TBD - resilience"
"William Gifford Jr.","TBD - William Gifford Jr. core ideology","TBD - market positioning","TBD - innovation engine","TBD - competitive stance","TBD - risk profile","TBD - hiring philosophy","TBD - culture","TBD - motivation","TBD - communication","TBD - talent","TBD - meetings","TBD - decisions","TBD - metrics","TBD - focus","TBD - accountability","TBD - principles","TBD - work ethic","TBD - learning","TBD - resilience"
"Laurence Fink","TBD - Laurence Fink core ideology","TBD - market positioning","TBD - innovation engine","TBD - competitive stance","TBD - risk profile","TBD - hiring philosophy","TBD - culture","TBD - motivation","TBD - communication","TBD - talent","TBD - meetings","TBD - decisions","TBD - metrics","TBD - focus","TBD - accountability","TBD - principles","TBD - work ethic","TBD - learning","TBD - resilience"
"Thomas Polen","TBD - Thomas Polen core ideology","TBD - market positioning","TBD - innovation engine","TBD - competitive stance","TBD - risk profile","TBD - hiring philosophy","TBD - culture","TBD - motivation","TBD - communication","TBD - talent","TBD - meetings","TBD - decisions","TBD - metrics","TBD - focus","TBD - accountability","TBD - principles","TBD - work ethic","TBD - learning","TBD - resilience"
"Noel Wallace","TBD - Noel Wallace core ideology","TBD - market positioning","TBD - innovation engine","TBD - competitive stance","TBD - risk profile","TBD - hiring philosophy","TBD - culture","TBD - motivation","TBD - communication","TBD - talent","TBD - meetings","TBD - decisions","TBD - metrics","TBD - focus","TBD - accountability","TBD - principles","TBD - work ethic","TBD - learning","TBD - resilience"
"Michael Hsu","TBD - Michael Hsu core ideology","TBD - market positioning","TBD - innovation engine","TBD - competitive stance","TBD - risk profile","TBD - hiring philosophy","TBD - culture","TBD - motivation","TBD - communication","TBD - talent","TBD - meetings","TBD - decisions","TBD - metrics","TBD - focus","TBD - accountability","TBD - principles","TBD - work ethic","TBD - learning","TBD - resilience"
"Daryl Kenningham","TBD - Daryl Kenningham core ideology","TBD - market positioning","TBD - innovation engine","TBD - competitive stance","TBD - risk profile","TBD - hiring philosophy","TBD - culture","TBD - motivation","TBD - communication","TBD - talent","TBD - meetings","TBD - decisions","TBD - metrics","TBD - focus","TBD - accountability","TBD - principles","TBD - work ethic","TBD - learning","TBD - resilience"
"Jennifer Parmentier","TBD - Jennifer Parmentier core ideology","TBD - market positioning","TBD - innovation engine","TBD - competitive stance","TBD - risk profile","TBD - hiring philosophy","TBD - culture","TBD - motivation","TBD - communication","TBD - talent","TBD - meetings","TBD - decisions","TBD - metrics","TBD - focus","TBD - accountability","TBD - principles","TBD - work ethic","TBD - learning","TBD - resilience"
"Jeffrey Harmening","TBD - Jeffrey Harmening core ideology","TBD - market positioning","TBD - innovation engine","TBD - competitive stance","TBD - risk profile","TBD - hiring philosophy","TBD - culture","TBD - motivation","TBD - communication","TBD - talent","TBD - meetings","TBD - decisions","TBD - metrics","TBD - focus","TBD - accountability","TBD - principles","TBD - work ethic","TBD - learning","TBD - resilience"
"Ravi Kumar S","TBD - Ravi Kumar S core ideology","TBD - market positioning","TBD - innovation engine","TBD - competitive stance","TBD - risk profile","TBD - hiring philosophy","TBD - culture","TBD - motivation","TBD - communication","TBD - talent","TBD - meetings","TBD - decisions","TBD - metrics","TBD - focus","TBD - accountability","TBD - principles","TBD - work ethic","TBD - learning","TBD - resilience"
"William Fehrman","TBD - William Fehrman core ideology","TBD - market positioning","TBD - innovation engine","TBD - competitive stance","TBD - risk profile","TBD - hiring philosophy","TBD - culture","TBD - motivation","TBD - communication","TBD - talent","TBD - meetings","TBD - decisions","TBD - metrics","TBD - focus","TBD - accountability","TBD - principles","TBD - work ethic","TBD - learning","TBD - resilience"
"Peter Arduini","TBD - Peter Arduini core ideology","TBD - market positioning","TBD - innovation engine","TBD - competitive stance","TBD - risk profile","TBD - hiring philosophy","TBD - culture","TBD - motivation","TBD - communication","TBD - talent","TBD - meetings","TBD - decisions","TBD - metrics","TBD - focus","TBD - accountability","TBD - principles","TBD - work ethic","TBD - learning","TBD - resilience"
"Maria Black","TBD - Maria Black core ideology","TBD - market positioning","TBD - innovation engine","TBD - competitive stance","TBD - risk profile","TBD - hiring philosophy","TBD - culture","TBD - motivation","TBD - communication","TBD - talent","TBD - meetings","TBD - decisions","TBD - metrics","TBD - focus","TBD - accountability","TBD - principles","TBD - work ethic","TBD - learning","TBD - resilience"
"Lourenco Goncalves","TBD - Lourenco Goncalves core ideology","TBD - market positioning","TBD - innovation engine","TBD - competitive stance","TBD - risk profile","TBD - hiring philosophy","TBD - culture","TBD - motivation","TBD - communication","TBD - talent","TBD - meetings","TBD - decisions","TBD - metrics","TBD - focus","TBD - accountability","TBD - principles","TBD - work ethic","TBD - learning","TBD - resilience"
"Daniel Amos","TBD - Daniel Amos core ideology","TBD - market positioning","TBD - innovation engine","TBD - competitive stance","TBD - risk profile","TBD - hiring philosophy","TBD - culture","TBD - motivation","TBD - communication","TBD - talent","TBD - meetings","TBD - decisions","TBD - metrics","TBD - focus","TBD - accountability","TBD - principles","TBD - work ethic","TBD - learning","TBD - resilience"
"Mark Stewart","TBD - Mark Stewart core ideology","TBD - market positioning","TBD - innovation engine","TBD - competitive stance","TBD - risk profile","TBD - hiring philosophy","TBD - culture","TBD - motivation","TBD - communication","TBD - talent","TBD - meetings","TBD - decisions","TBD - metrics","TBD - focus","TBD - accountability","TBD - principles","TBD - work ethic","TBD - learning","TBD - resilience"
"Kevin Hogan","TBD - Kevin Hogan core ideology","TBD - market positioning","TBD - innovation engine","TBD - competitive stance","TBD - risk profile","TBD - hiring philosophy","TBD - culture","TBD - motivation","TBD - communication","TBD - talent","TBD - meetings","TBD - decisions","TBD - metrics","TBD - focus","TBD - accountability","TBD - principles","TBD - work ethic","TBD - learning","TBD - resilience"
"Thomas Palmer","TBD - Thomas Palmer core ideology","TBD - market positioning","TBD - innovation engine","TBD - competitive stance","TBD - risk profile","TBD - hiring philosophy","TBD - culture","TBD - motivation","TBD - communication","TBD - talent","TBD - meetings","TBD - decisions","TBD - metrics","TBD - focus","TBD - accountability","TBD - principles","TBD - work ethic","TBD - learning","TBD - resilience"
"Andrew Silvernail","TBD - Andrew Silvernail core ideology","TBD - market positioning","TBD - innovation engine","TBD - competitive stance","TBD - risk profile","TBD - hiring philosophy","TBD - culture","TBD - motivation","TBD - communication","TBD - talent","TBD - meetings","TBD - decisions","TBD - metrics","TBD - focus","TBD - accountability","TBD - principles","TBD - work ethic","TBD - learning","TBD - resilience"
"Philip Daniele III","TBD - Philip Daniele III core ideology","TBD - market positioning","TBD - innovation engine","TBD - competitive stance","TBD - risk profile","TBD - hiring philosophy","TBD - culture","TBD - motivation","TBD - communication","TBD - talent","TBD - meetings","TBD - decisions","TBD - metrics","TBD - focus","TBD - accountability","TBD - principles","TBD - work ethic","TBD - learning","TBD - resilience"
"Ellen Cooper","TBD - Ellen Cooper core ideology","TBD - market positioning","TBD - innovation engine","TBD - competitive stance","TBD - risk profile","TBD - hiring philosophy","TBD - culture","TBD - motivation","TBD - communication","TBD - talent","TBD - meetings","TBD - decisions","TBD - metrics","TBD - focus","TBD - accountability","TBD - principles","TBD - work ethic","TBD - learning","TBD - resilience"
"Ryan Marshall","TBD - Ryan Marshall core ideology","TBD - market positioning","TBD - innovation engine","TBD - competitive stance","TBD - risk profile","TBD - hiring philosophy","TBD - culture","TBD - motivation","TBD - communication","TBD - talent","TBD - meetings","TBD - decisions","TBD - metrics","TBD - focus","TBD - accountability","TBD - principles","TBD - work ethic","TBD - learning","TBD - resilience"
"James Cracchiolo","TBD - James Cracchiolo core ideology","TBD - market positioning","TBD - innovation engine","TBD - competitive stance","TBD - risk profile","TBD - hiring philosophy","TBD - culture","TBD - motivation","TBD - communication","TBD - talent","TBD - meetings","TBD - decisions","TBD - metrics","TBD - focus","TBD - accountability","TBD - principles","TBD - work ethic","TBD - learning","TBD - resilience"
"Andrew Clyde","TBD - Andrew Clyde core ideology","TBD - market positioning","TBD - innovation engine","TBD - competitive stance","TBD - risk profile","TBD - hiring philosophy","TBD - culture","TBD - motivation","TBD - communication","TBD - talent","TBD - meetings","TBD - decisions","TBD - metrics","TBD - focus","TBD - accountability","TBD - principles","TBD - work ethic","TBD - learning","TBD - resilience"
"Jonas Prising","TBD - Jonas Prising core ideology","TBD - market positioning","TBD - innovation engine","TBD - competitive stance","TBD - risk profile","TBD - hiring philosophy","TBD - culture","TBD - motivation","TBD - communication","TBD - talent","TBD - meetings","TBD - decisions","TBD - metrics","TBD - focus","TBD - accountability","TBD - principles","TBD - work ethic","TBD - learning","TBD - resilience"
"David Bozeman","TBD - David Bozeman core ideology","TBD - market positioning","TBD - innovation engine","TBD - competitive stance","TBD - risk profile","TBD - hiring philosophy","TBD - culture","TBD - motivation","TBD - communication","TBD - talent","TBD - meetings","TBD - decisions","TBD - metrics","TBD - focus","TBD - accountability","TBD - principles","TBD - work ethic","TBD - learning","TBD - resilience"
"Timothy Knavish","TBD - Timothy Knavish core ideology","TBD - market positioning","TBD - innovation engine","TBD - competitive stance","TBD - risk profile","TBD - hiring philosophy","TBD - culture","TBD - motivation","TBD - communication","TBD - talent","TBD - meetings","TBD - decisions","TBD - metrics","TBD - focus","TBD - accountability","TBD - principles","TBD - work ethic","TBD - learning","TBD - resilience"
"Pedro Pizarro","TBD - Pedro Pizarro core ideology","TBD - market positioning","TBD - innovation engine","TBD - competitive stance","TBD - risk profile","TBD - hiring philosophy","TBD - culture","TBD - motivation","TBD - communication","TBD - talent","TBD - meetings","TBD - decisions","TBD - metrics","TBD - focus","TBD - accountability","TBD - principles","TBD - work ethic","TBD - learning","TBD - resilience"
"Mark Millett","TBD - Mark Millett core ideology","TBD - market positioning","TBD - innovation engine","TBD - competitive stance","TBD - risk profile","TBD - hiring philosophy","TBD - culture","TBD - motivation","TBD - communication","TBD - talent","TBD - meetings","TBD - decisions","TBD - metrics","TBD - focus","TBD - accountability","TBD - principles","TBD - work ethic","TBD - learning","TBD - resilience"
"Benjamin Tisch","TBD - Benjamin Tisch core ideology","TBD - market positioning","TBD - innovation engine","TBD - competitive stance","TBD - risk profile","TBD - hiring philosophy","TBD - culture","TBD - motivation","TBD - communication","TBD - talent","TBD - meetings","TBD - decisions","TBD - metrics","TBD - focus","TBD - accountability","TBD - principles","TBD - work ethic","TBD - learning","TBD - resilience"
"Lal Karsanbhai","TBD - Lal Karsanbhai core ideology","TBD - market positioning","TBD - innovation engine","TBD - competitive stance","TBD - risk profile","TBD - hiring philosophy","TBD - culture","TBD - motivation","TBD - communication","TBD - talent","TBD - meetings","TBD - decisions","TBD - metrics","TBD - focus","TBD - accountability","TBD - principles","TBD - work ethic","TBD - learning","TBD - resilience"
"John Zillmer","TBD - John Zillmer core ideology","TBD - market positioning","TBD - innovation engine","TBD - competitive stance","TBD - risk profile","TBD - hiring philosophy","TBD - culture","TBD - motivation","TBD - communication","TBD - talent","TBD - meetings","TBD - decisions","TBD - metrics","TBD - focus","TBD - accountability","TBD - principles","TBD - work ethic","TBD - learning","TBD - resilience"
"William Hornbuckle","TBD - William Hornbuckle core ideology","TBD - market positioning","TBD - innovation engine","TBD - competitive stance","TBD - risk profile","TBD - hiring philosophy","TBD - culture","TBD - motivation","TBD - communication","TBD - talent","TBD - meetings","TBD - decisions","TBD - metrics","TBD - focus","TBD - accountability","TBD - principles","TBD - work ethic","TBD - learning","TBD - resilience"
"James Burke","TBD - James Burke core ideology","TBD - market positioning","TBD - innovation engine","TBD - competitive stance","TBD - risk profile","TBD - hiring philosophy","TBD - culture","TBD - motivation","TBD - communication","TBD - talent","TBD - meetings","TBD - decisions","TBD - metrics","TBD - focus","TBD - accountability","TBD - principles","TBD - work ethic","TBD - learning","TBD - resilience"
"David Hult","TBD - David Hult core ideology","TBD - market positioning","TBD - innovation engine","TBD - competitive stance","TBD - risk profile","TBD - hiring philosophy","TBD - culture","TBD - motivation","TBD - communication","TBD - talent","TBD - meetings","TBD - decisions","TBD - metrics","TBD - focus","TBD - accountability","TBD - principles","TBD - work ethic","TBD - learning","TBD - resilience"
"D.G. Macpherson","TBD - D.G. Macpherson core ideology","TBD - market positioning","TBD - innovation engine","TBD - competitive stance","TBD - risk profile","TBD - hiring philosophy","TBD - culture","TBD - motivation","TBD - communication","TBD - talent","TBD - meetings","TBD - decisions","TBD - metrics","TBD - focus","TBD - accountability","TBD - principles","TBD - work ethic","TBD - learning","TBD - resilience"
"Eric Slifka","TBD - Eric Slifka core ideology","TBD - market positioning","TBD - innovation engine","TBD - competitive stance","TBD - risk profile","TBD - hiring philosophy","TBD - culture","TBD - motivation","TBD - communication","TBD - talent","TBD - meetings","TBD - decisions","TBD - metrics","TBD - focus","TBD - accountability","TBD - principles","TBD - work ethic","TBD - learning","TBD - resilience"
"Bob Pragada","TBD - Bob Pragada core ideology","TBD - market positioning","TBD - innovation engine","TBD - competitive stance","TBD - risk profile","TBD - hiring philosophy","TBD - culture","TBD - motivation","TBD - communication","TBD - talent","TBD - meetings","TBD - decisions","TBD - metrics","TBD - focus","TBD - accountability","TBD - principles","TBD - work ethic","TBD - learning","TBD - resilience"
"Charles Magro","TBD - Charles Magro core ideology","TBD - market positioning","TBD - innovation engine","TBD - competitive stance","TBD - risk profile","TBD - hiring philosophy","TBD - culture","TBD - motivation","TBD - communication","TBD - talent","TBD - meetings","TBD - decisions","TBD - metrics","TBD - focus","TBD - accountability","TBD - principles","TBD - work ethic","TBD - learning","TBD - resilience"
"Rick Lanoha","TBD - Rick Lanoha core ideology","TBD - market positioning","TBD - innovation engine","TBD - competitive stance","TBD - risk profile","TBD - hiring philosophy","TBD - culture","TBD - motivation","TBD - communication","TBD - talent","TBD - meetings","TBD - decisions","TBD - metrics","TBD - focus","TBD - accountability","TBD - principles","TBD - work ethic","TBD - learning","TBD - resilience"
"Michael Mahoney","TBD - Michael Mahoney core ideology","TBD - market positioning","TBD - innovation engine","TBD - competitive stance","TBD - risk profile","TBD - hiring philosophy","TBD - culture","TBD - motivation","TBD - communication","TBD - talent","TBD - meetings","TBD - decisions","TBD - metrics","TBD - focus","TBD - accountability","TBD - principles","TBD - work ethic","TBD - learning","TBD - resilience"
"Brad Beckham","TBD - Brad Beckham core ideology","TBD - market positioning","TBD - innovation engine","TBD - competitive stance","TBD - risk profile","TBD - hiring philosophy","TBD - culture","TBD - motivation","TBD - communication","TBD - talent","TBD - meetings","TBD - decisions","TBD - metrics","TBD - focus","TBD - accountability","TBD - principles","TBD - work ethic","TBD - learning","TBD - resilience"
"Thomas Bell","TBD - Thomas Bell core ideology","TBD - market positioning","TBD - innovation engine","TBD - competitive stance","TBD - risk profile","TBD - hiring philosophy","TBD - culture","TBD - motivation","TBD - communication","TBD - talent","TBD - meetings","TBD - decisions","TBD - metrics","TBD - focus","TBD - accountability","TBD - principles","TBD - work ethic","TBD - learning","TBD - resilience"
"Thomas Gayner","TBD - Thomas Gayner core ideology","TBD - market positioning","TBD - innovation engine","TBD - competitive stance","TBD - risk profile","TBD - hiring philosophy","TBD - culture","TBD - motivation","TBD - communication","TBD - talent","TBD - meetings","TBD - decisions","TBD - metrics","TBD - focus","TBD - accountability","TBD - principles","TBD - work ethic","TBD - learning","TBD - resilience"
"Marc Bitzer","TBD - Marc Bitzer core ideology","TBD - market positioning","TBD - innovation engine","TBD - competitive stance","TBD - risk profile","TBD - hiring philosophy","TBD - culture","TBD - motivation","TBD - communication","TBD - talent","TBD - meetings","TBD - decisions","TBD - metrics","TBD - focus","TBD - accountability","TBD - principles","TBD - work ethic","TBD - learning","TBD - resilience"
"Andrew McMahon","TBD - Andrew McMahon core ideology","TBD - market positioning","TBD - innovation engine","TBD - competitive stance","TBD - risk profile","TBD - hiring philosophy","TBD - culture","TBD - motivation","TBD - communication","TBD - talent","TBD - meetings","TBD - decisions","TBD - metrics","TBD - focus","TBD - accountability","TBD - principles","TBD - work ethic","TBD - learning","TBD - resilience"